Fund Name,Fund Symbol,Return Type,Data Period,Return Effective Date,1-Month Return,3-Month Return,6-Month Return,Year-To-Date Return,1-Year Return,3-Year Return,5-Year Return,10-Year Return,Return Since Inception,Inception Date
Ultra SpaceX,SPCF,MARKET,MONTH,2026-08-31 00:00:00.000,60.59,,,-37.24,,,,,,2026-06-15 00:00:00.000
S&P 500 Bond ETF,SPXBOLD,MARKET,MONTH,2024-04-30 00:00:00.000,-2.75,-3.04,7.19,-3.45,0.32,-3.47,0.65,,1.73,2018-05-03 00:00:00.000
S&P 500 Ex-Energy ETF,SPXE,MARKET,MONTH,2026-08-31 00:00:00.000,2.54,1.28,12.44,12.17,19.6,21.12,12.27,15.38,15.38,2015-09-24 00:00:00.000
S&P 500 Ex-Financials ETF,SPXN,MARKET,MONTH,2026-08-31 00:00:00.000,2.86,0.26,12.58,14.04,22.56,21.16,13.27,15.58,15.65,2015-09-24 00:00:00.000
S&P 500 Ex-Technology ETF,SPXT,MARKET,MONTH,2026-08-31 00:00:00.000,0.6,3.22,3.72,7.75,13.85,16.14,9.14,11.52,11.69,2015-09-24 00:00:00.000
UltraPro Short S&P500,SPXU,MARKET,MONTH,2026-08-31 00:00:00.000,-7.06,-3.78,-28.45,-29.07,-39.44,-41.39,-32.55,-41.44,-42.72,2009-06-25 00:00:00.000
S&P 500 Ex-Health Care ETF,SPXV,MARKET,MONTH,2026-08-31 00:00:00.000,2.34,0.5,13.01,13.1,19.77,22.3,13.5,15.75,15.81,2015-09-24 00:00:00.000
UltraPro Short QQQ,SQQQ,MARKET,MONTH,2026-08-31 00:00:00.000,-11.94,2.72,-44.33,-42.42,-54.34,-52.52,-44.44,-54.88,-52.84,2010-02-11 00:00:00.000
UltraShort Real Estate,SRS,MARKET,MONTH,2026-08-31 00:00:00.000,4.93,-1.35,-2.72,-17.03,-10.03,-13.48,-3.9,-15.84,-28.07,2007-02-01 00:00:00.000
UltraPro Short Russell2000,SRTY,MARKET,MONTH,2026-08-31 00:00:00.000,-2.67,-4.89,-33.35,-44.86,-53.74,-44.52,-31.27,-42.7,-45.42,2010-02-11 00:00:00.000
UltraShort Semiconductors,SSG,MARKET,MONTH,2026-08-31 00:00:00.000,-10.9,-5.68,-56.44,-59.19,-71.19,-72.01,-65.26,-60.79,-48.74,2007-02-01 00:00:00.000
Ultra S&P500,SSO,MARKET,MONTH,2026-08-31 00:00:00.000,4.93,1.42,21.67,21.86,34.57,34.43,16.94,23.59,15.92,2006-06-21 00:00:00.000
Supply Chain Logistics ETF,SUPL,MARKET,MONTH,2026-08-31 00:00:00.000,2.3,2.79,4.74,20.03,28.07,10.43,,,7.92,2022-04-05 00:00:00.000
Short VIX Short-Term Futures ETF,SVXY,MARKET,MONTH,2026-08-31 00:00:00.000,8.54,14.19,20.54,13.8,29.3,11.74,16.82,-1.46,13.14,2011-10-04 00:00:00.000
UltraShort Consumer Staples,SZK,MARKET,MONTH,2026-08-31 00:00:00.000,0.52,-5.7,10.63,-17.26,-10.57,-8.08,-3.63,-16.14,-19.51,2007-02-01 00:00:00.000
Short 20+ Year Treasury,TBF,MARKET,MONTH,2026-08-31 00:00:00.000,-0.31,4.16,10.27,6.43,5.82,7,12.5,3.77,-2.95,2009-08-20 00:00:00.000
UltraShort 20+ Year Treasury,TBT,MARKET,MONTH,2026-08-31 00:00:00.000,-0.78,7.32,19.53,10.4,7.86,8.85,20.57,4.04,-9.4,2008-05-01 00:00:00.000
Short 7-10 Year Treasury,TBX,MARKET,MONTH,2026-08-31 00:00:00.000,0.45,2.64,6.55,5.2,5.7,4.06,6.98,2.34,-0.95,2011-04-05 00:00:00.000
UltraShort 3-7 Year Treasury,TBZ,MARKET,MONTH,2017-08-31 00:00:00.000,-0.95,-2.11,-3.58,-5.44,-0.54,-5.47,-4.15,,-6.5,2011-04-05 00:00:00.000
S&P Technology Dividend Aristocrats ETF,TDV,MARKET,MONTH,2026-08-31 00:00:00.000,3.01,-1.75,14.33,18.45,22.44,16.64,11.61,,16.14,2019-11-07 00:00:00.000
Smart Materials ETF,TINT,MARKET,MONTH,2026-08-31 00:00:00.000,5.21,-4.06,2.59,21.72,25.57,8.58,,,1.37,2021-10-26 00:00:00.000
Nanotechnology ETF,TINY,MARKET,MONTH,2026-08-31 00:00:00.000,-3.74,-10.74,8.71,38.22,67.81,24.45,,,13.68,2021-10-26 00:00:00.000
UltraShort Telecommunications,TLL,MARKET,MONTH,2015-08-31 00:00:00.000,-3.49,4.7,5.62,-5.44,2.39,-22.15,-25.62,,-26.24,2008-03-27 00:00:00.000
Russell U.S. Dividend Growers ETF,TMDV,MARKET,MONTH,2026-08-31 00:00:00.000,-0.04,8.41,2.82,13.94,11.26,7.18,4.24,,6.75,2019-11-07 00:00:00.000
DJ Brookfield Global Infrastructure ETF,TOLZ,MARKET,MONTH,2026-08-31 00:00:00.000,-1.72,-0.8,-3.7,10.33,12.31,14.68,8.3,7.4,6.65,2014-03-27 00:00:00.000
UltraShort TIPS,TPS,MARKET,MONTH,2017-08-31 00:00:00.000,-1.41,-1.61,-1.37,-6.6,-1.37,-2.61,-1.54,,-7.22,2011-02-10 00:00:00.000
UltraPro QQQ,TQQQ,MARKET,MONTH,2026-08-31 00:00:00.000,11.3,-14.75,45.81,36.96,62.01,51.94,15.12,40.46,42.78,2010-02-11 00:00:00.000
Ultra TSLA,TSLI,MARKET,MONTH,2026-08-31 00:00:00.000,36.68,-36.86,-31.12,-46.89,,,,,,2025-09-10 00:00:00.000
UltraPro Short 20+ Year Treasury,TTT,MARKET,MONTH,2026-08-31 00:00:00.000,-1.51,10.18,29.29,14.46,9.57,7.97,25.27,1.7,-9,2012-03-29 00:00:00.000
UltraShort Russell2000,TWM,MARKET,MONTH,2026-08-31 00:00:00.000,-1.72,-2.64,-22.13,-30.94,-37.7,-28.75,-17.55,-26.85,-27.96,2007-01-25 00:00:00.000
UltraShort Russell3000,TWQ,MARKET,MONTH,2014-12-31 00:00:00.000,-3.37,-13.48,-15.42,-27.86,-27.86,-35.65,-32.18,,-35.66,2009-07-02 00:00:00.000
CDS North American HY Credit ETF,TYTE,MARKET,MONTH,2016-04-30 00:00:00.000,0.1,2.22,1.49,2.22,2.77,,,,3.5,2014-08-07 00:00:00.000
UltraPro Nasdaq Biotechnology,UBIO,MARKET,MONTH,2020-03-31 00:00:00.000,-33.52,-45.66,-6.13,-45.66,-39.31,-13.72,,,-30.36,2015-06-23 00:00:00.000
Ultra MSCI Brazil Capped,UBR,MARKET,MONTH,2026-08-31 00:00:00.000,-3.97,-0.08,-17.22,20.32,44.5,9.77,1.16,-5.13,-13.27,2010-04-29 00:00:00.000
Ultra 20+ Year Treasury,UBT,MARKET,MONTH,2026-08-31 00:00:00.000,1.22,-6.32,-15.77,-8.8,-5.62,-8.76,-21.05,-9.76,0.4,2010-01-21 00:00:00.000
Ultra Consumer Discretionary,UCC,MARKET,MONTH,2026-08-31 00:00:00.000,0.21,-9.12,-4.6,-9.99,-6.34,12.14,-2.06,13.43,13.2,2007-02-01 00:00:00.000
Ultra Bloomberg Commodity,UCD,MARKET,MONTH,2016-08-31 00:00:00.000,1.41,-1.8,18.91,15.37,-15.76,-26.14,-25.74,,-13.51,2008-11-26 00:00:00.000
Ultra Bloomberg Crude Oil,UCO,MARKET,MONTH,2026-08-31 00:00:00.000,10.37,2.53,74.67,130.9,91.71,11.76,19.9,-9.3,-24.28,2008-11-26 00:00:00.000
UltraPro Communication Services Select Sector,UCOM,MARKET,MONTH,2020-03-31 00:00:00.000,-49.63,-59.41,-49.12,-59.41,-43.83,,,,-31.79,2019-01-16 00:00:00.000
Ultra Copper K-1 Free ETF,UCOP,MARKET,MONTH,2026-08-31 00:00:00.000,0.52,0.05,,7.48,,,,,,2026-04-21 00:00:00.000
Ultra Nasdaq Cybersecurity,UCYB,MARKET,MONTH,2026-08-31 00:00:00.000,16,21.04,133.8,76.69,63.77,45.86,14.37,,17.3,2021-01-21 00:00:00.000
UltraPro Dow30,UDOW,MARKET,MONTH,2026-08-31 00:00:00.000,3.3,10.3,21.33,25.78,43.28,35.38,14.21,23.44,26.34,2010-02-11 00:00:00.000
Ultra Consumer Staples,UGE,MARKET,MONTH,2026-08-31 00:00:00.000,-1.03,3.58,-12.59,15.91,8.03,7.67,-2.82,7.82,11.24,2007-02-01 00:00:00.000
Ultra Gold,UGL,MARKET,MONTH,2026-08-31 00:00:00.000,19.73,-7.01,-33.25,-4.7,40.38,53.54,28.79,17.1,12.79,2008-12-03 00:00:00.000
UltraPro 10 Year TIPS/TSY Spread,UINF,MARKET,MONTH,2014-12-31 00:00:00.000,-4.62,-11.94,-20.22,-16.27,-16.27,,,,-10.69,2012-02-09 00:00:00.000
Ultra High Yield,UJB,MARKET,MONTH,2026-08-31 00:00:00.000,1.27,0.32,1.28,1.72,4.54,10.82,2.57,5.79,6.64,2011-04-14 00:00:00.000
Ultra Russell1000 Growth,UKF,MARKET,MONTH,2014-12-31 00:00:00.000,-1.16,10.74,13.63,27.69,27.69,40.79,29.21,,9.92,2007-02-22 00:00:00.000
Ultra Russell2000 Growth,UKK,MARKET,MONTH,2014-12-31 00:00:00.000,6.96,22.08,7.95,9.6,9.6,39.59,28.85,,6.03,2007-02-22 00:00:00.000
Ultra Russell MidCap Growth,UKW,MARKET,MONTH,2014-12-31 00:00:00.000,-0.68,9.33,10.32,21.89,21.89,40.78,30.04,,7.37,2007-02-22 00:00:00.000
Ultra Euro,ULE,MARKET,MONTH,2026-08-31 00:00:00.000,1.75,-0.7,-3.69,-2.81,-2.74,3.79,-2.48,-2.18,-3.7,2008-11-26 00:00:00.000
UltraPro MidCap400,UMDD,MARKET,MONTH,2026-08-31 00:00:00.000,-0.78,-0.01,8.79,34.42,35.34,19.74,1.59,10.48,19.01,2010-02-11 00:00:00.000
Ultra MSCI Mexico Capped IMI,UMX,MARKET,MONTH,2017-08-31 00:00:00.000,1.43,21.16,50.88,63.68,21.65,-16.71,-5.75,,-0.67,2010-04-29 00:00:00.000
Ultra Oil & Gas Exploration & Production,UOP,MARKET,MONTH,2017-08-31 00:00:00.000,-14.69,-13.89,-39.29,-48.65,-38.78,,,,-42.19,2015-06-23 00:00:00.000
Ultra Palladium K-1 Free ETF,UPAL,MARKET,MONTH,2026-08-31 00:00:00.000,10.38,-8.86,,-33.35,,,,,,2026-04-21 00:00:00.000
Ultra Platinum K-1 Free ETF,UPLT,MARKET,MONTH,2026-08-31 00:00:00.000,14.41,-21.06,,-35.31,,,,,,2026-04-21 00:00:00.000
UltraPro S&P500,UPRO,MARKET,MONTH,2026-08-31 00:00:00.000,7.12,0.95,30.9,30.39,49.23,47.31,18.78,29.07,33.54,2009-06-25 00:00:00.000
Ultra FTSE Europe,UPV,MARKET,MONTH,2026-08-31 00:00:00.000,1.8,6.74,2.03,17.3,33.42,28.03,9.16,11.94,8.72,2010-04-29 00:00:00.000
Ultra Utilities,UPW,MARKET,MONTH,2026-08-31 00:00:00.000,-9.92,-9.91,-22.82,-4.83,-2.06,17.6,5.98,9.4,8.97,2007-02-01 00:00:00.000
Ultra Real Estate,URE,MARKET,MONTH,2026-08-31 00:00:00.000,-4.54,0.41,0.31,16.93,7.76,9.66,-5.83,2.03,-3.17,2007-02-01 00:00:00.000
Ultra S&P 500 Equal Weight,URSP,MARKET,MONTH,2026-08-31 00:00:00.000,3.35,9.28,11.88,26.85,29.67,,,,29.54,2025-08-27 00:00:00.000
UltraPro Russell2000,URTY,MARKET,MONTH,2026-08-31 00:00:00.000,1.5,-0.25,29.9,50.56,64.04,25.82,-5.35,6.16,13.65,2010-02-11 00:00:00.000
Ultra Semiconductors,USD,MARKET,MONTH,2026-08-31 00:00:00.000,7.56,-16.99,60.57,61.61,101.56,94.55,55.25,53.62,28.45,2007-02-01 00:00:00.000
Ultra 7-10 Year Treasury,UST,MARKET,MONTH,2026-08-31 00:00:00.000,0.12,-2.99,-8.78,-5.19,-3.65,0.67,-7.88,-2.55,2.41,2010-01-21 00:00:00.000
Ultra Russell1000 Value,UVG,MARKET,MONTH,2014-12-31 00:00:00.000,0.18,9.73,8.54,26.87,26.87,42.01,27.39,,2.16,2007-02-22 00:00:00.000
Ultra Russell2000 Value,UVT,MARKET,MONTH,2014-12-31 00:00:00.000,3.95,19.37,1.92,8.08,8.08,35.99,23.46,,-0.85,2007-02-22 00:00:00.000
Ultra Russell MidCap Value,UVU,MARKET,MONTH,2014-12-31 00:00:00.000,3.09,14.1,6.89,32.36,32.36,45.06,31.81,,5.05,2007-02-22 00:00:00.000
Ultra VIX Short-Term Futures ETF,UVXY,MARKET,MONTH,2026-08-31 00:00:00.000,-22.78,-37.54,-54.68,-49.99,-70.2,-63.26,-68.11,-71.43,-80.29,2011-10-04 00:00:00.000
Ultra Russell3000,UWC,MARKET,MONTH,2014-12-31 00:00:00.000,2.53,12.3,13.34,28.05,28.05,42.2,28.34,,35.3,2009-07-02 00:00:00.000
Ultra Russell2000,UWM,MARKET,MONTH,2026-08-31 00:00:00.000,1.15,0.85,21.86,35.57,45.74,23.91,2.7,11.09,7.27,2007-01-25 00:00:00.000
Ultra Industrials,UXI,MARKET,MONTH,2026-08-31 00:00:00.000,-5.59,0.87,-5.32,21.36,25.36,29.37,10.65,18.33,13.06,2007-02-01 00:00:00.000
Ultra MSCI Pacific ex-Japan,UXJ,MARKET,MONTH,2016-07-31 00:00:00.000,20.5,9.05,52.07,14.96,-6.28,-2.13,-2.27,,1.78,2010-04-29 00:00:00.000
Ultra XRP ETF,UXRP,MARKET,MONTH,2026-08-31 00:00:00.000,60.94,-4.64,-18.21,-64.57,-89.09,,,,-89.25,2025-07-15 00:00:00.000
Ultra Financials,UYG,MARKET,MONTH,2026-08-31 00:00:00.000,1.91,23.72,23.69,6.94,8.99,33.1,11.88,17.1,0.67,2007-02-01 00:00:00.000
Ultra Materials,UYM,MARKET,MONTH,2026-08-31 00:00:00.000,8.45,4.36,-5.49,28.83,23.74,10.9,6.09,11.67,4.68,2007-02-01 00:00:00.000
Metaverse ETF,VERS,MARKET,MONTH,2026-08-31 00:00:00.000,3.15,-13.19,24.97,13.95,24.21,23.97,,,14.02,2022-03-15 00:00:00.000
VIX Mid-Term Futures ETF,VIXM,MARKET,MONTH,2026-08-31 00:00:00.000,-7.4,-12.76,-14.6,-12.25,-18.04,-11.13,-15.2,-11.86,-18.34,2011-01-04 00:00:00.000
VIX Short-Term Futures ETF,VIXY,MARKET,MONTH,2026-08-31 00:00:00.000,-15.75,-25.81,-37.98,-32.61,-50.99,-41.45,-47.1,-46.88,-48.58,2011-01-04 00:00:00.000
CDS Short North American HY Credit ETF,WYDE,MARKET,MONTH,2019-07-31 00:00:00.000,0.29,-0.35,-2.52,-5.55,-4,-4.76,,,-5.01,2014-08-07 00:00:00.000
Ultra Communication Services Select Sector,XCOM,MARKET,MONTH,2020-09-30 00:00:00.000,-12.01,19.74,74.42,11.05,29.46,,,,28.57,2019-01-16 00:00:00.000
Ultra FTSE China 50,XPP,MARKET,MONTH,2026-08-31 00:00:00.000,-6.54,0.93,-12.71,-18.93,-22.12,7.78,-15.78,-7.21,-5.08,2009-06-04 00:00:00.000
Ultra Yen,YCL,MARKET,MONTH,2026-08-31 00:00:00.000,-0.78,-1.44,-6.31,-6.56,-19.67,-12.58,-19.32,-13.02,-9.25,2008-11-26 00:00:00.000
UltraShort Communication Services Select Sector,YCOM,MARKET,MONTH,2020-09-30 00:00:00.000,10.86,-20.75,-50.84,-40.14,-49.3,,,,-41.9,2019-01-16 00:00:00.000
UltraShort Yen,YCS,MARKET,MONTH,2026-08-31 00:00:00.000,1.17,2.32,8.02,8.55,26.72,16.21,23.73,13.33,6.27,2008-11-26 00:00:00.000
Short FTSE China 50,YXI,MARKET,MONTH,2026-08-31 00:00:00.000,3.25,-1.24,5.45,8.4,8.91,-11.36,-4.62,-7.19,-8.12,2010-03-18 00:00:00.000
UltraPro Short Nasdaq Biotechnology,ZBIO,MARKET,MONTH,2020-03-31 00:00:00.000,-4.3,9.39,-40.45,9.39,-24.31,-33.04,,,-25.11,2015-06-23 00:00:00.000
UltraShort Silver,ZSL,MARKET,MONTH,2026-08-31 00:00:00.000,-25.92,14.98,45.6,-56.59,-88.68,-68,-53.67,-41.47,-42.17,2008-12-03 00:00:00.000
Nasdaq-100 Autocallable Income ETF,ACQQ,MARKET,MONTH,2026-08-31 00:00:00.000,,,,-1.76,,,,,,2026-08-14 00:00:00.000
Russell 2000 Autocallable Income ETF,ACRT,MARKET,MONTH,2026-08-31 00:00:00.000,,,,-3.6,,,,,,2026-08-14 00:00:00.000
S&P 500 Autocallable Income ETF,ACSP,MARKET,MONTH,2026-08-31 00:00:00.000,,,,-2.88,,,,,,2026-08-14 00:00:00.000
Ultra Silver,AGQ,MARKET,MONTH,2026-08-31 00:00:00.000,29.7,-27.53,-57.12,-46.55,42.5,39.87,17.01,6.09,2.89,2008-12-03 00:00:00.000
Morningstar Alternatives Solution ETF,ALTS,MARKET,MONTH,2022-04-30 00:00:00.000,-0.15,1.55,0.06,-0.25,1.99,3.6,2.24,,1.66,2014-10-09 00:00:00.000
MSCI Transformational Changes ETF,ANEW,MARKET,MONTH,2026-08-31 00:00:00.000,5.32,6.12,10.61,8.69,7.77,15.14,3.57,,6.13,2020-10-16 00:00:00.000
Bitcoin & Ether Equal Weight ETF,BETE,MARKET,MONTH,2026-08-31 00:00:00.000,29,14.39,22.56,-15.35,-37.24,,,,24.08,2023-10-02 00:00:00.000
Bitcoin & Ether Market Cap Weight ETF,BETH,MARKET,MONTH,2026-08-31 00:00:00.000,26.16,8.57,19.18,-13.28,-32.83,,,,29.14,2023-10-02 00:00:00.000
Ultra Nasdaq Biotechnology,BIB,MARKET,MONTH,2026-08-31 00:00:00.000,20.69,37.84,32.29,46.17,112.02,31.79,2.65,10.08,18.42,2010-04-08 00:00:00.000
UltraShort Nasdaq Biotechnology,BIS,MARKET,MONTH,2026-08-31 00:00:00.000,-19.33,-31.37,-31.64,-39.35,-59.22,-32.74,-17.55,-26.27,-33.19,2010-04-08 00:00:00.000
Short Bitcoin ETF,BITI,MARKET,MONTH,2026-08-31 00:00:00.000,-20.89,-9.23,-20.14,0.78,20.86,-39.08,,,-39.28,2022-06-21 00:00:00.000
Bitcoin ETF,BITO,MARKET,MONTH,2026-08-31 00:00:00.000,24.96,6.55,18.26,-11.81,-29.52,36.24,,,-0.02,2021-10-18 00:00:00.000
Ultra Bitcoin ETF,BITU,MARKET,MONTH,2026-08-31 00:00:00.000,53.4,6.54,24.53,-36.41,-62.54,,,,-25.09,2024-04-02 00:00:00.000
Ultra Bloomberg Natural Gas,BOIL,MARKET,MONTH,2026-08-31 00:00:00.000,-0.73,-32.17,-38.05,-55.52,-66.58,-68.08,-71.01,-59.08,-57.85,2011-10-06 00:00:00.000
S&P 500 Buyback Aristocrats ETF,BUYB,MARKET,MONTH,2026-08-31 00:00:00.000,-0.51,6.37,,7.38,,,,,,2026-05-07 00:00:00.000
UltraShort MSCI Brazil Capped,BZQ,MARKET,MONTH,2026-08-31 00:00:00.000,3.16,-4.03,5.98,-30.15,-44.68,-25.28,-26.37,-34.37,-29.27,2009-06-18 00:00:00.000
Long Online/Short Stores ETF ,CLIX,MARKET,MONTH,2026-08-31 00:00:00.000,-0.74,2.3,10.29,-1.31,6.46,17.85,-3.51,,4.94,2017-11-16 00:00:00.000
UltraShort Bloomberg Commodity,CMD,MARKET,MONTH,2016-08-31 00:00:00.000,-2.58,-3.98,-24.27,-19.24,8.85,26.51,21.08,,-1.25,2008-11-26 00:00:00.000
USD Covered Bond,COBO,MARKET,MONTH,2017-08-31 00:00:00.000,-0.3,-0.67,0.65,1.87,1.55,1.49,1.08,,1.36,2012-05-23 00:00:00.000
Ultra COIN,COIA,MARKET,MONTH,2026-08-31 00:00:00.000,56.49,-16.91,-18.17,-58.1,,,,,,2025-09-10 00:00:00.000
Ultra CRCL,CRCA,MARKET,MONTH,2026-08-31 00:00:00.000,118.65,-45.53,-28.22,-34.85,-83.09,,,,-87.76,2025-08-07 00:00:00.000
UltraShort Australian Dollar,CROC,MARKET,MONTH,2022-04-30 00:00:00.000,9.68,-2.34,9.68,2.75,13.4,-3.39,-0.55,,2.25,2012-07-19 00:00:00.000
Large Cap Core Plus,CSM,MARKET,MONTH,2026-08-31 00:00:00.000,2.07,1.69,12.49,11.41,20.44,21.01,12.28,14.18,14.92,2009-07-15 00:00:00.000
S&P Kensho Cleantech ETF,CTEX,MARKET,MONTH,2026-08-31 00:00:00.000,-6.88,-34.16,-12.21,-10.79,20.49,3.95,,,-4.23,2021-09-29 00:00:00.000
Big Data Refiners ETF,DAT,MARKET,MONTH,2026-08-31 00:00:00.000,15.74,16.63,41.95,14.19,11.7,22.82,,,5.41,2021-09-29 00:00:00.000
Short Oil & Gas,DDG,MARKET,MONTH,2022-04-30 00:00:00.000,1.41,-15.34,-27.15,-28.27,-42.52,-22.93,-15.56,-10.64,-10.73,2008-06-12 00:00:00.000
Ultra Dow30,DDM,MARKET,MONTH,2026-08-31 00:00:00.000,2.39,7.58,15.49,18.9,30.75,26.48,13.01,19.65,14.52,2006-06-21 00:00:00.000
Ultra Energy,DIG,MARKET,MONTH,2026-08-31 00:00:00.000,14.23,26.89,26.88,95.11,91.82,21.45,39.6,6.63,0.85,2007-02-01 00:00:00.000
Short Dow30,DOG,MARKET,MONTH,2026-08-31 00:00:00.000,-0.97,-3.22,-6.37,-7.65,-11.06,-9.06,-5.54,-11.12,-10.41,2006-06-21 00:00:00.000
UltraShort Energy,DUG,MARKET,MONTH,2026-08-31 00:00:00.000,-13.86,-24.52,-28.03,-54.57,-54.96,-27.79,-42.74,-33.18,-30.55,2007-02-01 00:00:00.000
UltraShort Dow30,DXD,MARKET,MONTH,2026-08-31 00:00:00.000,-2.39,-7.2,-14.44,-17.19,-24.41,-21.94,-15.25,-24.61,-23.08,2006-07-13 00:00:00.000
Ultra MSCI Emerging Markets,EET,MARKET,MONTH,2026-08-31 00:00:00.000,8.81,-7.37,7.46,38.02,66.33,34.97,4.55,8.14,4.24,2009-06-04 00:00:00.000
Ether ETF,EETH,MARKET,MONTH,2026-08-31 00:00:00.000,32.58,22.27,26.93,-18.55,-44.5,,,,7.84,2023-10-02 00:00:00.000
UltraShort MSCI Emerging Markets,EEV,MARKET,MONTH,2026-08-31 00:00:00.000,-9.12,-1.94,-22.87,-41.05,-51.35,-34.23,-16.97,-22.42,-25.6,2007-11-01 00:00:00.000
MSCI EAFE Dividend Growers ETF,EFAD,MARKET,MONTH,2026-08-31 00:00:00.000,2.79,5.09,3.08,8.94,9.8,9.44,0.96,4.74,3.28,2014-08-21 00:00:00.000
Ultra MSCI EAFE,EFO,MARKET,MONTH,2026-08-31 00:00:00.000,3.06,6.52,2.27,21.84,35.65,27.78,8.98,10.94,8.61,2009-06-04 00:00:00.000
UltraShort MSCI EAFE,EFU,MARKET,MONTH,2026-08-31 00:00:00.000,-2.97,-7.35,-7.89,-23.18,-31.28,-26.24,-16.52,-19.74,-19.16,2007-10-25 00:00:00.000
Short MSCI EAFE,EFZ,MARKET,MONTH,2026-08-31 00:00:00.000,-1.02,-2.99,-2.09,-10.36,-15.07,-11.27,-5.96,-8.37,-7.53,2007-10-25 00:00:00.000
MSCI Emerging Markets Dividend Growers ETF,EMDV,MARKET,MONTH,2026-08-31 00:00:00.000,1.21,1.59,0.19,2.75,5.65,4.62,-1.86,2.16,4.18,2016-01-27 00:00:00.000
Short Term USD Emerging Markets Bond ETF,EMSH,MARKET,MONTH,2022-04-30 00:00:00.000,-1.21,-7.73,-9.47,-8.68,-8.93,-1.91,-0.65,,1.45,2013-11-21 00:00:00.000
Decline of the Retail Store ETF ,EMTY,MARKET,MONTH,2026-08-31 00:00:00.000,3.27,1.74,10.18,0.97,9.1,-4.36,-1.58,,-10.95,2017-11-16 00:00:00.000
UltraShort FTSE Europe ,EPV,MARKET,MONTH,2026-08-31 00:00:00.000,-1.83,-7.45,-8.18,-20.37,-30.29,-26.93,-18.85,-22.63,-25.55,2009-06-18 00:00:00.000
Ultra QQQ Equal Weight,EQQQ,MARKET,MONTH,2026-08-31 00:00:00.000,7.45,,,5.6,,,,,,2026-07-23 00:00:00.000
Equities for Rising Rates ETF,EQRR,MARKET,MONTH,2026-08-31 00:00:00.000,6.48,12.24,29.34,37.36,40.71,21.21,14.9,,11.38,2017-07-25 00:00:00.000
UltraShort Ether ETF,ETHD,MARKET,MONTH,2026-08-31 00:00:00.000,-47.83,-49.19,-61.04,-32.39,-6.51,,,,-62.19,2024-06-07 00:00:00.000
Ultra Ether ETF,ETHT,MARKET,MONTH,2026-08-31 00:00:00.000,70.87,32.31,29.97,-53.89,-82.86,,,,-66.11,2024-06-07 00:00:00.000
MSCI Europe Dividend Growers ETF,EUDV,MARKET,MONTH,2026-08-31 00:00:00.000,2.45,3.75,1.22,7.38,7.59,9.36,1.82,5.86,5.09,2015-09-10 00:00:00.000
Short Euro,EUFX,MARKET,MONTH,2022-04-30 00:00:00.000,4.94,6.51,9.58,7.89,13.77,2.82,2.12,,1.97,2012-06-27 00:00:00.000
Short MSCI Emerging Markets,EUM,MARKET,MONTH,2026-08-31 00:00:00.000,-4.37,0.74,-9.18,-20.31,-27.31,-15.91,-5.88,-9.35,-9.71,2007-11-01 00:00:00.000
UltraShort Euro,EUO,MARKET,MONTH,2026-08-31 00:00:00.000,-0.99,2.05,5.62,5.44,6.45,0.24,4.46,2.19,1.01,2008-11-26 00:00:00.000
UltraShort MSCI Japan,EWV,MARKET,MONTH,2026-08-31 00:00:00.000,-6.57,-8.82,-12.59,-33.19,-41.05,-30.36,-18.91,-19.85,-18.86,2007-11-08 00:00:00.000
Ultra MSCI Japan,EZJ,MARKET,MONTH,2026-08-31 00:00:00.000,6.74,4.6,2.47,31.97,47.27,27.9,8.79,9.99,8,2009-06-04 00:00:00.000
S&P 500 Dynamic Buffer ETF,FB,MARKET,MONTH,2026-08-31 00:00:00.000,1.03,1.83,6.9,7.94,12.67,,,,12.44,2025-06-26 00:00:00.000
Short 30 Year TIPS/TSY Spread,FINF,MARKET,MONTH,2014-12-31 00:00:00.000,2.02,5.86,11.55,11.37,11.37,,,,3.78,2012-01-12 00:00:00.000
UltraPro Financial Select Sector,FINU,MARKET,MONTH,2020-03-31 00:00:00.000,-64.88,-78.47,-71.88,-78.47,-65.13,-28.25,-9.89,,12.66,2012-07-12 00:00:00.000
UltraPro Short Financial Select Sector,FINZ,MARKET,MONTH,2020-03-31 00:00:00.000,-3.16,46.41,7.64,46.41,-23.4,-24.77,-32.48,,-39.98,2012-07-12 00:00:00.000
Managed Futures Strategy ETF,FUT,MARKET,MONTH,2022-04-30 00:00:00.000,2.8,7.63,5.15,8.56,4.72,2.72,1.59,,1.62,2016-02-18 00:00:00.000
Managed Futures Strategy (Fund Closing),FUTS,MARKET,MONTH,2016-03-31 00:00:00.000,-3.05,-3.61,-3.84,-3.61,-6.93,,,,0.03,2014-10-02 00:00:00.000
UltraShort FTSE China 50,FXP,MARKET,MONTH,2026-08-31 00:00:00.000,6.45,-3.53,7.35,11.99,12.51,-29.45,-19.99,-21.3,-27.87,2007-11-08 00:00:00.000
Ultra Australian Dollar,GDAY,MARKET,MONTH,2015-07-31 00:00:00.000,-100,-100,-100,-100,-100,-100,,,-100,2012-07-19 00:00:00.000
Ultra Junior Miners,GDJJ,MARKET,MONTH,2017-08-31 00:00:00.000,12.85,25.15,-13.71,12.62,-36.63,,,,0.17,2015-02-13 00:00:00.000
UltraShort Junior Miners,GDJS,MARKET,MONTH,2016-07-31 00:00:00.000,-34.54,-56.11,-92.31,-92.04,-94.32,,,,-81.98,2015-02-13 00:00:00.000
UltraShort Gold Miners,GDXS,MARKET,MONTH,2019-07-31 00:00:00.000,-9.87,-41.68,-32.77,-42.13,-46.93,-13.7,,,-39.78,2015-02-13 00:00:00.000
Ultra Gold Miners,GDXX,MARKET,MONTH,2019-07-31 00:00:00.000,6.02,55.63,29.08,47.71,38.26,-18.79,,,-5.45,2015-02-13 00:00:00.000
German Sovereign/Sub-Sovereign ETF,GGOV,MARKET,MONTH,2017-08-31 00:00:00.000,2.22,8.11,12.33,13.38,6.09,-2.16,0.5,,0.51,2012-01-26 00:00:00.000
UltraShort Gold,GLL,MARKET,MONTH,2026-08-31 00:00:00.000,-17.89,1.83,32.52,-16.79,-46.72,-42.72,-30.16,-22.68,-22.49,2008-12-03 00:00:00.000
Ultra Homebuilders & Supplies,HBU,MARKET,MONTH,2016-07-31 00:00:00.000,17.09,26.01,45.82,14.4,4.14,,,,7.25,2015-06-23 00:00:00.000
UltraShort Homebuilders & Supplies,HBZ,MARKET,MONTH,2016-07-31 00:00:00.000,-13.08,-18.21,-38.43,-21.48,-23.2,,,,-24.18,2015-06-23 00:00:00.000
Hedge Replication ETF,HDG,MARKET,MONTH,2026-08-31 00:00:00.000,1,1.02,4.8,7.4,10.83,7.56,3.3,3.89,2.97,2011-07-14 00:00:00.000
Hedged FTSE Europe ETF,HGEU,MARKET,MONTH,2017-08-31 00:00:00.000,0.12,-2.33,7.79,10.11,17.28,,,,4.98,2015-06-25 00:00:00.000
Hedged FTSE Japan ETF,HGJP,MARKET,MONTH,2017-08-31 00:00:00.000,-0.66,2.82,5.39,6.36,22.3,,,,-1.8,2015-06-25 00:00:00.000
High Yield—Interest Rate Hedged,HYHG,MARKET,MONTH,2026-08-31 00:00:00.000,0.58,1.53,4.53,4.67,6.95,8.73,7.09,5.82,4.27,2013-05-23 00:00:00.000
Investment Grade—Interest Rate Hedged,IGHG,MARKET,MONTH,2026-08-31 00:00:00.000,0.3,0.2,3.11,2.5,4.37,7.28,5.41,4.6,3.73,2013-11-07 00:00:00.000
Short Investment Grade Corporate,IGS,MARKET,MONTH,2016-07-31 00:00:00.000,-1.36,-3.81,-10.15,-9.87,-11.95,-8.11,-7.53,,-8.08,2011-03-29 00:00:00.000
Ultra Investment Grade Corporate,IGU,MARKET,MONTH,2016-07-31 00:00:00.000,6.15,7.19,21.25,19.58,19.85,11.16,9.82,,11.07,2011-04-14 00:00:00.000
S&P Global Core Battery Metals ETF,ION,MARKET,MONTH,2026-08-31 00:00:00.000,12.52,-11.24,-17.3,3.57,52.61,18.02,,,9.83,2022-11-30 00:00:00.000
GENIUS Money Market ETF,IQMM,MARKET,MONTH,2026-08-31 00:00:00.000,0.29,0.91,1.8,1.91,,,,,,2026-02-19 00:00:00.000
Nasdaq-100 High Income ETF,IQQQ,MARKET,MONTH,2026-08-31 00:00:00.000,2.93,-3.8,13.86,13.3,22.4,,,,18.81,2024-03-20 00:00:00.000
S&P 500 High Income ETF,ISPY,MARKET,MONTH,2026-08-31 00:00:00.000,1.8,0.62,10.02,10.59,17.25,,,,17.12,2023-12-20 00:00:00.000
Russell 2000 High Income ETF,ITWO,MARKET,MONTH,2026-08-31 00:00:00.000,0.87,2.21,14.26,20.98,29.33,,,,19.48,2024-09-05 00:00:00.000
UltraShort MSCI Pacific ex-Japan,JPX,MARKET,MONTH,2016-07-31 00:00:00.000,-13.8,-13.05,-34.11,-21.58,-17.8,-13.34,-16.8,,-28.08,2009-06-18 00:00:00.000
UltraShort Bloomberg Natural Gas,KOLD,MARKET,MONTH,2026-08-31 00:00:00.000,-2.22,33.44,22.35,-18.66,-17.86,1.86,-27.22,-22.09,-11.51,2011-10-06 00:00:00.000
Short S&P Regional Banking,KRS,MARKET,MONTH,2017-08-31 00:00:00.000,4.47,-0.81,7.75,3.93,-21.6,-16.34,-17.43,,-15.7,2010-04-22 00:00:00.000
Ultra S&P Regional Banking,KRU,MARKET,MONTH,2017-08-31 00:00:00.000,-8.83,1.19,-18.36,-14.81,45.86,19.92,25.62,,12.81,2010-04-22 00:00:00.000
CoinDesk 20 Crypto ETF,KRYP,MARKET,MONTH,2026-08-31 00:00:00.000,25.3,6,5.56,-11.67,,,,,,2026-02-04 00:00:00.000
Ultra Communication Services,LTL,MARKET,MONTH,2026-08-31 00:00:00.000,5.4,-8.71,-13.57,-14.36,-5.06,29.6,14.52,8.37,7.13,2008-03-27 00:00:00.000
S&P Kensho Smart Factories ETF,MAKX,MARKET,MONTH,2026-08-31 00:00:00.000,0.43,-7.38,17.39,31.28,29.89,23.02,,,10.88,2021-09-29 00:00:00.000
Merger ETF,MRGR,MARKET,MONTH,2026-08-31 00:00:00.000,-0.22,0.52,1.92,2.47,8.86,7.65,4.07,3.68,2.17,2012-12-13 00:00:00.000
Ultra MidCap400,MVV,MARKET,MONTH,2026-08-31 00:00:00.000,-0.41,0.8,7.94,25.1,27,18.05,6.13,12.66,11.46,2006-06-21 00:00:00.000
Short MidCap400,MYY,MARKET,MONTH,2026-08-31 00:00:00.000,0.33,-0.25,-3.98,-10.67,-11.1,-8.5,-5.46,-10.61,-11.61,2006-06-21 00:00:00.000
UltraShort MidCap400,MZZ,MARKET,MONTH,2026-08-31 00:00:00.000,0.33,-1.41,-9.81,-22.45,-24.5,-21.03,-15.85,-24.45,-25.93,2006-07-13 00:00:00.000
S&P 500 Dividend Aristocrats ETF,NOBL,MARKET,MONTH,2026-08-31 00:00:00.000,1.38,8.44,2.05,12.37,12.86,9.35,6.4,9.98,10.83,2013-10-10 00:00:00.000
Ultra NVDA,NVDB,MARKET,MONTH,2026-08-31 00:00:00.000,17.97,0.74,34.68,16.73,,,,,,2025-09-10 00:00:00.000
UltraPro 3x Short Crude Oil ETF,OILD,MARKET,MONTH,2020-04-30 00:00:00.000,,,,,,,,,0,2017-03-27 00:00:00.000
K-1 Free Crude Oil ETF,OILK,MARKET,MONTH,2026-08-31 00:00:00.000,5.74,3.23,38.54,61.16,48.83,12.42,16.78,,3.97,2016-09-28 00:00:00.000
UltraPro 3x Crude Oil ETF,OILU,MARKET,MONTH,2020-04-30 00:00:00.000,,,,,,,,,0,2017-03-27 00:00:00.000
On-Demand ETF,OND,MARKET,MONTH,2026-08-31 00:00:00.000,1.59,-0.06,-3.51,-14.56,-20.85,15.08,,,-2.47,2021-10-26 00:00:00.000
Online Retail ETF,ONLN,MARKET,MONTH,2026-08-31 00:00:00.000,-2.5,1.04,4.35,-1.89,1.77,20.25,-3.91,,4.95,2018-07-16 00:00:00.000
Pet Care ETF,PAWZ,MARKET,MONTH,2026-08-31 00:00:00.000,3.47,8.98,-8.79,-4.17,-9.7,2.12,-8.2,,3.94,2018-11-06 00:00:00.000
Global Listed Private Equity ETF,PEX,MARKET,MONTH,2026-08-31 00:00:00.000,5.56,9.46,6.51,-1.63,-6.72,6.8,0.63,5.26,5.84,2013-02-28 00:00:00.000
Ultra PLTR,PLTA,MARKET,MONTH,2026-08-31 00:00:00.000,110.2,20.42,41.16,-22.5,,,,,,2025-09-10 00:00:00.000
Short QQQ,PSQ,MARKET,MONTH,2026-08-31 00:00:00.000,-3.8,2.96,-14.91,-13.36,-18.52,-16.61,-11.68,-18.41,-16.56,2006-06-21 00:00:00.000
UltraShort 7-10 Year Treasury,PST,MARKET,MONTH,2026-08-31 00:00:00.000,0.38,4.12,11.85,8.16,8.43,4.24,11.06,3.08,-4.97,2008-05-01 00:00:00.000
Nasdaq-100 Dynamic Buffer ETF,QB,MARKET,MONTH,2026-08-31 00:00:00.000,1.44,4.3,13.1,15.48,20.75,,,,18.85,2025-06-26 00:00:00.000
UltraShort QQQ,QID,MARKET,MONTH,2026-08-31 00:00:00.000,-7.78,3.7,-30.24,-28.37,-37.89,-35.8,-28.15,-37.77,-34.55,2006-07-13 00:00:00.000
Ultra QQQ,QLD,MARKET,MONTH,2026-08-31 00:00:00.000,7.85,-8.29,32.84,28.28,45.51,39.95,17.27,33.21,25.26,2006-06-21 00:00:00.000
UltraShort QQQ Mega,QQDN,MARKET,MONTH,2026-08-31 00:00:00.000,-5.86,2.88,-29.87,-18.27,-31.72,,,,-39.59,2025-06-12 00:00:00.000
Nasdaq-100 Dorsey Wright Momentum ETF,QQQA,MARKET,MONTH,2026-08-31 00:00:00.000,-1.12,-8.45,31.76,40.99,59.64,25.58,9.36,,11.46,2021-05-20 00:00:00.000
Ultra QQQ Mega,QQUP,MARKET,MONTH,2026-08-31 00:00:00.000,5.68,-7.17,31.22,10.75,28.08,,,,46.57,2025-06-12 00:00:00.000
Ultra QQQ Top 30,QQXL,MARKET,MONTH,2026-08-31 00:00:00.000,7.06,-11.63,34.31,26.48,42.43,,,,34.7,2025-08-15 00:00:00.000
RAFI Long/Short,RALS,MARKET,MONTH,2022-04-30 00:00:00.000,3.1,3.63,8.29,7.9,4.14,-0.33,-1.31,0.54,-0.22,2010-12-09 00:00:00.000
Russell 2000 Dynamic Buffer ETF,RB,MARKET,MONTH,2026-08-31 00:00:00.000,0.66,0.91,5.41,7.99,17.22,,,,16.76,2025-06-26 00:00:00.000
S&P MidCap 400 Dividend Aristocrats ETF,REGL,MARKET,MONTH,2026-08-31 00:00:00.000,-1.07,5.84,2.15,11.33,10.6,12.66,7.73,9.43,9.88,2015-02-05 00:00:00.000
Short Real Estate,REK,MARKET,MONTH,2026-08-31 00:00:00.000,2.41,-0.16,-0.24,-7.49,-2.93,-4.06,1.07,-5.75,-9.7,2010-03-18 00:00:00.000
UltraShort Technology,REW,MARKET,MONTH,2026-08-31 00:00:00.000,-12.1,-1.96,-49.77,-46.67,-56.1,-44.77,-35.94,-43.93,-36.54,2007-02-01 00:00:00.000
Inflation Expectations ETF,RINF,MARKET,MONTH,2026-08-31 00:00:00.000,-0.18,0.52,4.34,2.98,2.69,3.95,5.84,4.55,0.95,2012-01-12 00:00:00.000
Ultra Technology,ROM,MARKET,MONTH,2026-08-31 00:00:00.000,12.04,-8.74,68.5,53.87,80.04,47.7,20.61,38.38,24.23,2007-02-01 00:00:00.000
Short Russell2000,RWM,MARKET,MONTH,2026-08-31 00:00:00.000,-0.65,-0.71,-10.47,-15.23,-18.58,-11.92,-5.39,-11.33,-12.01,2007-01-25 00:00:00.000
UltraShort Health Care,RXD,MARKET,MONTH,2026-08-31 00:00:00.000,-8.81,-24.06,-13.28,-18.16,-35.71,-13.26,-8.29,-20.9,-23.08,2007-02-01 00:00:00.000
Ultra Health Care,RXL,MARKET,MONTH,2026-08-31 00:00:00.000,9.36,28.45,10.52,17.09,47.25,12.22,3.31,14.46,15.18,2007-02-01 00:00:00.000
Ultra SmallCap600,SAA,MARKET,MONTH,2026-08-31 00:00:00.000,-1.99,7.2,19.73,37.8,41.12,18.22,3.37,10.95,9.23,2007-01-25 00:00:00.000
Short SmallCap600,SBB,MARKET,MONTH,2026-08-31 00:00:00.000,1.06,-3.16,-8.68,-15.36,-16.31,-9.81,-5.25,-11.33,-12.3,2007-01-25 00:00:00.000
UltraShort Bitcoin ETF,SBIT,MARKET,MONTH,2026-08-31 00:00:00.000,-38.82,-22.49,-42.65,-14.57,14.29,,,,-49.77,2024-04-02 00:00:00.000
Short Basic Materials,SBM,MARKET,MONTH,2022-04-30 00:00:00.000,5.15,-6.19,-6.93,0.43,-11.46,-20.24,-14.84,-12.45,-12.91,2010-03-18 00:00:00.000
UltraShort Consumer Discretionary,SCC,MARKET,MONTH,2026-08-31 00:00:00.000,-1.02,6.08,-2.23,2.68,-3.75,-21.49,-14,-24.8,-25.83,2007-02-01 00:00:00.000
UltraShort Bloomberg Crude Oil,SCO,MARKET,MONTH,2026-08-31 00:00:00.000,-11.71,-12.81,-57.5,-69.44,-64.87,-31.51,-41.87,-39.73,-25.96,2008-11-26 00:00:00.000
UltraPro Short Communication Services Select Sector,SCOM,MARKET,MONTH,2020-03-31 00:00:00.000,4.58,22.86,-4.94,22.86,-25.78,,,,-32,2019-01-16 00:00:00.000
UltraShort SmallCap600,SDD,MARKET,MONTH,2026-08-31 00:00:00.000,1.67,-7.92,-19.95,-30.59,-33.95,-24.33,-16.33,-26.57,-27.97,2007-01-25 00:00:00.000
UltraShort Russell MidCap Growth,SDK,MARKET,MONTH,2014-12-31 00:00:00.000,-3.49,-13.61,-14.73,-28,-28,-36.34,-35.31,,-28.45,2007-02-22 00:00:00.000
UltraPro Short Dow30,SDOW,MARKET,MONTH,2026-08-31 00:00:00.000,-3.71,-11.51,-22.32,-26.47,-36.5,-33.91,-25.35,-37.97,-38.17,2010-02-11 00:00:00.000
UltraShort Utilities,SDP,MARKET,MONTH,2026-08-31 00:00:00.000,11.02,9.66,25.42,0.88,-2.35,-19.37,-13.29,-20.26,-20.98,2007-02-01 00:00:00.000
UltraShort S&P500,SDS,MARKET,MONTH,2026-08-31 00:00:00.000,-4.6,-1.94,-18.91,-19.14,-26.71,-27.47,-20.07,-27.3,-24.92,2006-07-13 00:00:00.000
Short Financials,SEF,MARKET,MONTH,2026-08-31 00:00:00.000,-0.78,-9.9,-9.56,-3.19,-3.68,-12.77,-6.97,-12.05,-13.96,2008-06-12 00:00:00.000
Short Ether ETF,SETH,MARKET,MONTH,2026-08-31 00:00:00.000,-26.39,-24.48,-31.18,-4.26,22.56,,,,-37.2,2023-11-02 00:00:00.000
UltraShort Russell1000 Growth,SFK,MARKET,MONTH,2014-12-31 00:00:00.000,0.35,-10.15,-15.66,-29.65,-29.65,-34.81,-31.98,,-24.93,2007-02-22 00:00:00.000
Short S&P500,SH,MARKET,MONTH,2026-08-31 00:00:00.000,-2.14,-0.37,-8.82,-8.65,-12.35,-12.23,-7.99,-12.66,-11.37,2006-06-21 00:00:00.000
UltraShort Industrials,SIJ,MARKET,MONTH,2026-08-31 00:00:00.000,5.79,-2.87,0.23,-22.52,-24.76,-26.97,-17.81,-26.97,-26.93,2007-02-01 00:00:00.000
UltraPro Short 10 Year TIPS/TSY Spread,SINF,MARKET,MONTH,2014-12-31 00:00:00.000,9.16,10.36,21.62,14.37,14.37,,,,7.08,2012-02-09 00:00:00.000
Short High Yield,SJB,MARKET,MONTH,2026-08-31 00:00:00.000,-0.53,0.23,0.18,0.64,0.7,-1.76,-0.07,-3.35,-5.04,2011-03-22 00:00:00.000
UltraShort Russell1000 Value,SJF,MARKET,MONTH,2014-12-31 00:00:00.000,-1.39,-9.09,-16.13,-27.9,-27.9,-35.28,-31.92,,-23.42,2007-02-22 00:00:00.000
UltraShort Russell2000 Value,SJH,MARKET,MONTH,2014-12-31 00:00:00.000,-6.15,-17.39,-6.73,-15.6,-15.6,-34.35,-35.19,,-29.44,2007-02-22 00:00:00.000
UltraShort Russell MidCap Value,SJL,MARKET,MONTH,2014-12-31 00:00:00.000,-7.87,-11.03,-13.13,-31.1,-31.1,-37.26,-35.62,,-27.66,2007-02-22 00:00:00.000
UltraShort Financials,SKF,MARKET,MONTH,2026-08-31 00:00:00.000,-2.07,-19.69,-20.1,-9.57,-11.69,-28.39,-18.34,-26.87,-28.14,2007-02-01 00:00:00.000
Ultra SK hynix,SKHU,MARKET,MONTH,2026-08-31 00:00:00.000,23.36,,,-7.6,,,,,,2026-07-14 00:00:00.000
UltraShort Russell2000 Growth,SKK,MARKET,MONTH,2014-12-31 00:00:00.000,-8.31,-21.64,-15.97,-22.6,-22.6,-38.69,-39.36,,-32.43,2007-02-22 00:00:00.000
Ultra Nasdaq Cloud Computing ,SKYU,MARKET,MONTH,2026-08-31 00:00:00.000,31.81,25.83,110.54,45.59,47.09,41.93,2.14,,5.47,2021-01-21 00:00:00.000
Ultra Solana ETF,SLON,MARKET,MONTH,2026-08-31 00:00:00.000,92.72,41.24,31.08,-52.58,-87.02,,,,-79.2,2025-07-15 00:00:00.000
UltraPro Short MidCap400,SMDD,MARKET,MONTH,2026-08-31 00:00:00.000,0,-3.28,-16.68,-34.06,-37.6,-35.07,-28.69,-39.23,-42.23,2010-02-11 00:00:00.000
Russell 2000 Dividend Growers ETF,SMDV,MARKET,MONTH,2026-08-31 00:00:00.000,-1.52,5.34,6.97,16.31,14.08,10.96,6.23,7.27,8.09,2015-02-05 00:00:00.000
UltraShort MSCI Mexico Capped IMI,SMK,MARKET,MONTH,2017-08-31 00:00:00.000,0.13,-20.37,-37.95,-44.31,-28.08,-4.86,-14.62,,-28.48,2009-06-18 00:00:00.000
UltraShort Materials,SMN,MARKET,MONTH,2026-08-31 00:00:00.000,-8.22,-6.63,0.61,-27.51,-25.18,-15.63,-16.31,-24.84,-27.9,2007-02-01 00:00:00.000
UltraShort Oil & Gas Exploration & Production,SOP,MARKET,MONTH,2017-08-31 00:00:00.000,17.52,8.09,46.97,62.37,9.49,,,,-7.55,2015-06-23 00:00:00.000
Ultra SpaceX,SPCF,NAV,MONTH,2026-08-31 00:00:00.000,60.61,,,-37.24,,,,,,2026-06-15 00:00:00.000
S&P 500 Bond ETF,SPXBOLD,NAV,MONTH,2024-04-30 00:00:00.000,-2.92,-3.28,6.83,-3.68,0.32,-3.51,0.64,,1.7,2018-05-03 00:00:00.000
S&P 500 Ex-Energy ETF,SPXE,NAV,MONTH,2026-08-31 00:00:00.000,2.56,1.25,12.22,12.16,19.48,21.12,12.25,15.44,15.38,2015-09-24 00:00:00.000
S&P 500 Ex-Financials ETF,SPXN,NAV,MONTH,2026-08-31 00:00:00.000,3.01,0.3,12.43,14.15,22.44,21.19,13.26,15.68,15.65,2015-09-24 00:00:00.000
S&P 500 Ex-Technology ETF,SPXT,NAV,MONTH,2026-08-31 00:00:00.000,0.68,3.21,3.84,7.9,13.49,16.13,9.14,11.58,11.68,2015-09-24 00:00:00.000
UltraPro Short S&P500,SPXU,NAV,MONTH,2026-08-31 00:00:00.000,-7.15,-3.82,-28.4,-29.1,-39.56,-41.39,-32.56,-41.44,-42.72,2009-06-25 00:00:00.000
S&P 500 Ex-Health Care ETF,SPXV,NAV,MONTH,2026-08-31 00:00:00.000,2.49,0.5,12.85,13.26,19.65,22.31,13.49,15.76,15.8,2015-09-24 00:00:00.000
UltraPro Short QQQ,SQQQ,NAV,MONTH,2026-08-31 00:00:00.000,-12.04,2.65,-44.3,-42.5,-54.44,-52.54,-44.47,-54.88,-52.84,2010-02-11 00:00:00.000
UltraShort Real Estate,SRS,NAV,MONTH,2026-08-31 00:00:00.000,4.75,-1.57,-2.77,-17.04,-10.06,-13.51,-3.88,-15.85,-28.08,2007-02-01 00:00:00.000
UltraPro Short Russell2000,SRTY,NAV,MONTH,2026-08-31 00:00:00.000,-2.77,-5.08,-33.4,-44.91,-53.81,-44.52,-31.26,-42.7,-45.42,2010-02-11 00:00:00.000
UltraShort Semiconductors,SSG,NAV,MONTH,2026-08-31 00:00:00.000,-10.95,-5.45,-56.38,-59.17,-71.21,-72.02,-65.27,-60.75,-48.74,2007-02-01 00:00:00.000
Ultra S&P500,SSO,NAV,MONTH,2026-08-31 00:00:00.000,4.94,1.46,21.61,21.87,34.68,34.42,16.94,23.58,15.92,2006-06-21 00:00:00.000
Supply Chain Logistics ETF,SUPL,NAV,MONTH,2026-08-31 00:00:00.000,2.32,2.71,4.58,19.42,27.25,10.22,,,7.84,2022-04-05 00:00:00.000
Short VIX Short-Term Futures ETF,SVXY,NAV,MONTH,2026-08-31 00:00:00.000,8.62,14.12,20.54,13.72,29.54,11.76,16.86,-1.53,13.15,2011-10-04 00:00:00.000
UltraShort Consumer Staples,SZK,NAV,MONTH,2026-08-31 00:00:00.000,0.57,-5.61,10.97,-16.89,-10.42,-8.08,-3.6,-16.07,-19.5,2007-02-01 00:00:00.000
Short 20+ Year Treasury,TBF,NAV,MONTH,2026-08-31 00:00:00.000,-0.35,4.05,10.28,6.62,5.7,6.97,12.48,3.76,-2.95,2009-08-20 00:00:00.000
UltraShort 20+ Year Treasury,TBT,NAV,MONTH,2026-08-31 00:00:00.000,-1.01,7.29,19.43,11.06,7.8,8.8,20.51,4.04,-9.4,2008-05-01 00:00:00.000
Short 7-10 Year Treasury,TBX,NAV,MONTH,2026-08-31 00:00:00.000,0.34,2.48,6.53,5.16,5.71,4.04,6.97,2.33,-0.95,2011-04-05 00:00:00.000
UltraShort 3-7 Year Treasury,TBZ,NAV,MONTH,2017-08-31 00:00:00.000,-1.33,-1.23,-3.5,-4.63,0,-5.18,-4.03,,-6.45,2011-04-05 00:00:00.000
S&P Technology Dividend Aristocrats ETF,TDV,NAV,MONTH,2026-08-31 00:00:00.000,2.96,-1.89,14.22,18.49,22.34,16.68,11.65,,16.15,2019-11-07 00:00:00.000
Smart Materials ETF,TINT,NAV,MONTH,2026-08-31 00:00:00.000,4.4,-4.12,2.49,21.64,25.74,8.6,,,1.4,2021-10-26 00:00:00.000
Nanotechnology ETF,TINY,NAV,MONTH,2026-08-31 00:00:00.000,-1.3,-8.1,11.62,43.53,72.83,25.93,,,14.51,2021-10-26 00:00:00.000
UltraShort Telecommunications,TLL,NAV,MONTH,2015-08-31 00:00:00.000,1.57,6.28,8.03,-3.94,0.34,-21.85,-25.59,,-26.19,2008-03-27 00:00:00.000
Russell U.S. Dividend Growers ETF,TMDV,NAV,MONTH,2026-08-31 00:00:00.000,-0.02,8.39,2.72,13.98,11.23,7.19,4.26,,6.75,2019-11-07 00:00:00.000
DJ Brookfield Global Infrastructure ETF,TOLZ,NAV,MONTH,2026-08-31 00:00:00.000,-1.49,-0.44,-3.46,10.76,12.73,14.76,8.35,7.37,6.67,2014-03-27 00:00:00.000
UltraShort TIPS,TPS,NAV,MONTH,2017-08-31 00:00:00.000,-1.94,-0.66,-1.43,-3.9,-0.3,-2.55,-1.46,,-7.24,2011-02-10 00:00:00.000
UltraPro QQQ,TQQQ,NAV,MONTH,2026-08-31 00:00:00.000,11.45,-14.73,45.71,37.07,62.3,52.04,15.14,40.47,42.78,2010-02-11 00:00:00.000
Ultra TSLA,TSLI,NAV,MONTH,2026-08-31 00:00:00.000,36.48,-36.93,-31.23,-47.16,,,,,,2025-09-10 00:00:00.000
UltraPro Short 20+ Year Treasury,TTT,NAV,MONTH,2026-08-31 00:00:00.000,-1.77,10.26,28.49,14.79,8.9,7.81,25.13,1.68,-9.04,2012-03-29 00:00:00.000
UltraShort Russell2000,TWM,NAV,MONTH,2026-08-31 00:00:00.000,-1.65,-2.65,-22.09,-30.92,-37.69,-28.73,-17.54,-26.85,-27.96,2007-01-25 00:00:00.000
UltraShort Russell3000,TWQ,NAV,MONTH,2014-12-31 00:00:00.000,-0.7,-11.34,-12.18,-24.99,-24.99,-34.8,-31.94,,-35.28,2009-07-02 00:00:00.000
CDS North American HY Credit ETF,TYTE,NAV,MONTH,2016-04-30 00:00:00.000,0.47,4.31,2.26,3.4,2.77,,,,3.43,2014-08-07 00:00:00.000
UltraPro Nasdaq Biotechnology,UBIO,NAV,MONTH,2020-03-31 00:00:00.000,-34.16,-45.73,-6.41,-45.73,-39.3,-13.76,,,-30.37,2015-06-23 00:00:00.000
Ultra MSCI Brazil Capped,UBR,NAV,MONTH,2026-08-31 00:00:00.000,-4.14,-0.08,-17.4,20.25,44.03,10,1.21,-5.14,-13.27,2010-04-29 00:00:00.000
Ultra 20+ Year Treasury,UBT,NAV,MONTH,2026-08-31 00:00:00.000,1.08,-6.46,-15.82,-9.25,-5.84,-8.67,-21.02,-9.77,0.41,2010-01-21 00:00:00.000
Ultra Consumer Discretionary,UCC,NAV,MONTH,2026-08-31 00:00:00.000,0.27,-9.12,-4.85,-10.04,-6.6,12.09,-2.1,13.39,13.19,2007-02-01 00:00:00.000
Ultra Bloomberg Commodity,UCD,NAV,MONTH,2016-08-31 00:00:00.000,1.63,-1.51,23.11,14.23,-15.73,-27.22,-25.8,,-13.48,2008-11-26 00:00:00.000
Ultra Bloomberg Crude Oil,UCO,NAV,MONTH,2026-08-31 00:00:00.000,10.47,3.5,75.16,130.84,91.24,11.65,19.83,-9.27,-24.29,2008-11-26 00:00:00.000
UltraPro Communication Services Select Sector,UCOM,NAV,MONTH,2020-03-31 00:00:00.000,-50.51,-59.2,-48.82,-59.2,-43.45,,,,-31.42,2019-01-16 00:00:00.000
Ultra Copper K-1 Free ETF,UCOP,NAV,MONTH,2026-08-31 00:00:00.000,0.64,0.16,,7.5,,,,,,2026-04-21 00:00:00.000
Ultra Nasdaq Cybersecurity,UCYB,NAV,MONTH,2026-08-31 00:00:00.000,16.86,21.19,133.73,76.86,64.04,45.93,14.45,,17.33,2021-01-21 00:00:00.000
UltraPro Dow30,UDOW,NAV,MONTH,2026-08-31 00:00:00.000,3.29,10.19,21.14,25.78,43.16,35.34,14.18,23.42,26.33,2010-02-11 00:00:00.000
Ultra Consumer Staples,UGE,NAV,MONTH,2026-08-31 00:00:00.000,-0.81,4.04,-12.47,16.05,7.93,7.75,-2.8,7.77,11.24,2007-02-01 00:00:00.000
Ultra Gold,UGL,NAV,MONTH,2026-08-31 00:00:00.000,18.72,-8.5,-32.99,-6.18,39.22,53.11,28.55,16.99,12.73,2008-12-03 00:00:00.000
UltraPro 10 Year TIPS/TSY Spread,UINF,NAV,MONTH,2014-12-31 00:00:00.000,-5.05,-11.26,-20,-18.18,-18.18,,,,-10.8,2012-02-09 00:00:00.000
Ultra High Yield,UJB,NAV,MONTH,2026-08-31 00:00:00.000,1.48,0.56,1.38,1.96,4.79,10.94,2.56,5.65,6.65,2011-04-14 00:00:00.000
Ultra Russell1000 Growth,UKF,NAV,MONTH,2014-12-31 00:00:00.000,-2.4,8.79,11.38,24.08,24.08,40.33,28.81,,9.69,2007-02-22 00:00:00.000
Ultra Russell2000 Growth,UKK,NAV,MONTH,2014-12-31 00:00:00.000,5.55,19.64,4.51,6.78,6.78,38.51,27.95,,5.6,2007-02-22 00:00:00.000
Ultra Russell MidCap Growth,UKW,NAV,MONTH,2014-12-31 00:00:00.000,-0.91,10.84,8.54,21.11,21.11,40.6,29.89,,7.3,2007-02-22 00:00:00.000
Ultra Euro,ULE,NAV,MONTH,2026-08-31 00:00:00.000,1.42,-0.97,-3.86,-2.97,-2.85,3.76,-2.49,-2.2,-3.71,2008-11-26 00:00:00.000
UltraPro MidCap400,UMDD,NAV,MONTH,2026-08-31 00:00:00.000,-0.76,-0.2,8.59,34.45,35.11,19.71,1.55,10.39,19.01,2010-02-11 00:00:00.000
Ultra MSCI Mexico Capped IMI,UMX,NAV,MONTH,2017-08-31 00:00:00.000,0.26,20.93,49.57,62.63,19.59,-16.91,-5.39,,-0.75,2010-04-29 00:00:00.000
Ultra Oil & Gas Exploration & Production,UOP,NAV,MONTH,2017-08-31 00:00:00.000,-14.38,-15.8,-38.52,-49.05,-37.16,,,,-42.33,2015-06-23 00:00:00.000
Ultra Palladium K-1 Free ETF,UPAL,NAV,MONTH,2026-08-31 00:00:00.000,10.32,-8.95,,-33.33,,,,,,2026-04-21 00:00:00.000
Ultra Platinum K-1 Free ETF,UPLT,NAV,MONTH,2026-08-31 00:00:00.000,14.73,-20.94,,-35.2,,,,,,2026-04-21 00:00:00.000
UltraPro S&P500,UPRO,NAV,MONTH,2026-08-31 00:00:00.000,7.23,1.03,30.83,30.44,49.45,47.31,18.79,29.05,33.54,2009-06-25 00:00:00.000
Ultra FTSE Europe,UPV,NAV,MONTH,2026-08-31 00:00:00.000,1.82,6.75,2.04,17.35,33.32,28.01,9.15,12.01,8.72,2010-04-29 00:00:00.000
Ultra Utilities,UPW,NAV,MONTH,2026-08-31 00:00:00.000,-9.91,-10.52,-23.08,-5.07,-2.44,17.5,5.9,9.32,8.95,2007-02-01 00:00:00.000
Ultra Real Estate,URE,NAV,MONTH,2026-08-31 00:00:00.000,-4.62,0.22,0.26,16.85,7.53,9.63,-5.85,2.02,-3.17,2007-02-01 00:00:00.000
Ultra S&P 500 Equal Weight,URSP,NAV,MONTH,2026-08-31 00:00:00.000,3.54,9.21,11.9,26.7,29.62,,,,29.51,2025-08-27 00:00:00.000
UltraPro Russell2000,URTY,NAV,MONTH,2026-08-31 00:00:00.000,1.63,0.06,29.89,50.73,64.38,25.83,-5.36,6.16,13.66,2010-02-11 00:00:00.000
Ultra Semiconductors,USD,NAV,MONTH,2026-08-31 00:00:00.000,7.64,-16.85,60.6,61.56,101.99,94.61,55.28,53.66,28.45,2007-02-01 00:00:00.000
Ultra 7-10 Year Treasury,UST,NAV,MONTH,2026-08-31 00:00:00.000,-0.07,-3.02,-8.74,-5.3,-3.58,0.68,-7.95,-2.56,2.42,2010-01-21 00:00:00.000
Ultra Russell1000 Value,UVG,NAV,MONTH,2014-12-31 00:00:00.000,0.87,9.23,8.19,25.29,25.29,41.94,27.64,,2.1,2007-02-22 00:00:00.000
Ultra Russell2000 Value,UVT,NAV,MONTH,2014-12-31 00:00:00.000,5.15,18.53,-1.51,5.37,5.37,35.06,22.89,,-1.09,2007-02-22 00:00:00.000
Ultra Russell MidCap Value,UVU,NAV,MONTH,2014-12-31 00:00:00.000,1.17,11.53,5.08,27.85,27.85,43.92,31.18,,4.73,2007-02-22 00:00:00.000
Ultra VIX Short-Term Futures ETF,UVXY,NAV,MONTH,2026-08-31 00:00:00.000,-22.38,-37.31,-54.63,-49.87,-70.27,-63.25,-68.11,-71.39,-80.31,2011-10-04 00:00:00.000
Ultra Russell3000,UWC,NAV,MONTH,2014-12-31 00:00:00.000,-0.33,9.81,9.15,23.11,23.11,40.92,28.09,,34.53,2009-07-02 00:00:00.000
Ultra Russell2000,UWM,NAV,MONTH,2026-08-31 00:00:00.000,1.36,1.04,22.02,35.69,46.12,23.91,2.7,11.1,7.28,2007-01-25 00:00:00.000
Ultra Industrials,UXI,NAV,MONTH,2026-08-31 00:00:00.000,-5.67,0.44,-5.92,21.18,24.89,29.3,10.57,18.21,13.04,2007-02-01 00:00:00.000
Ultra MSCI Pacific ex-Japan,UXJ,NAV,MONTH,2016-07-31 00:00:00.000,13.01,11.27,39.56,17.52,-4.23,-1.06,-2.09,,1.82,2010-04-29 00:00:00.000
Ultra XRP ETF,UXRP,NAV,MONTH,2026-08-31 00:00:00.000,60.82,-4.19,-17.56,-64.46,-89.08,,,,-89.23,2025-07-15 00:00:00.000
Ultra Financials,UYG,NAV,MONTH,2026-08-31 00:00:00.000,2.15,23.81,23.39,7.31,8.94,33.16,11.87,17.11,0.67,2007-02-01 00:00:00.000
Ultra Materials,UYM,NAV,MONTH,2026-08-31 00:00:00.000,8.57,4.34,-5.67,29.06,23.68,10.97,6.08,11.68,4.67,2007-02-01 00:00:00.000
Metaverse ETF,VERS,NAV,MONTH,2026-08-31 00:00:00.000,3.28,-13.19,24.86,13.95,24.11,23.99,,,14.03,2022-03-15 00:00:00.000
VIX Mid-Term Futures ETF,VIXM,NAV,MONTH,2026-08-31 00:00:00.000,-6.7,-11.8,-14.21,-11.47,-17.52,-10.87,-15.06,-11.78,-18.31,2011-01-04 00:00:00.000
VIX Short-Term Futures ETF,VIXY,NAV,MONTH,2026-08-31 00:00:00.000,-15.34,-25.5,-38.04,-32.75,-51.09,-41.39,-47.07,-46.82,-48.58,2011-01-04 00:00:00.000
CDS Short North American HY Credit ETF,WYDE,NAV,MONTH,2019-07-31 00:00:00.000,0.47,0.03,-2.18,-5.32,-2.66,-4.8,,,-4.95,2014-08-07 00:00:00.000
Ultra Communication Services Select Sector,XCOM,NAV,MONTH,2020-09-30 00:00:00.000,-12.3,19.26,74.33,10.37,28.83,,,,28.26,2019-01-16 00:00:00.000
Ultra FTSE China 50,XPP,NAV,MONTH,2026-08-31 00:00:00.000,-6.68,0.88,-13.03,-18.88,-22.29,7.82,-15.77,-7.23,-5.09,2009-06-04 00:00:00.000
Ultra Yen,YCL,NAV,MONTH,2026-08-31 00:00:00.000,-1.13,-1.55,-6.43,-6.59,-19.49,-12.44,-19.31,-13,-9.25,2008-11-26 00:00:00.000
UltraShort Communication Services Select Sector,YCOM,NAV,MONTH,2020-09-30 00:00:00.000,11.16,-20.45,-50.75,-39.87,-49.1,,,,-41.71,2019-01-16 00:00:00.000
UltraShort Yen,YCS,NAV,MONTH,2026-08-31 00:00:00.000,1.38,2.3,8.23,8.52,26.65,16.24,23.73,13.34,6.27,2008-11-26 00:00:00.000
Short FTSE China 50,YXI,NAV,MONTH,2026-08-31 00:00:00.000,3.51,-1.15,5.51,8.49,9.91,-11.33,-4.61,-7.17,-8.11,2010-03-18 00:00:00.000
UltraPro Short Nasdaq Biotechnology,ZBIO,NAV,MONTH,2020-03-31 00:00:00.000,-3.13,9.74,-40.2,9.74,-23.76,-32.94,,,-25.05,2015-06-23 00:00:00.000
UltraShort Silver,ZSL,NAV,MONTH,2026-08-31 00:00:00.000,-26.22,15.99,43.41,-56.08,-88.66,-67.92,-53.56,-41.36,-42.17,2008-12-03 00:00:00.000
Nasdaq-100 Autocallable Income ETF,ACQQ,NAV,MONTH,2026-08-31 00:00:00.000,,,,-1.71,,,,,,2026-08-14 00:00:00.000
Russell 2000 Autocallable Income ETF,ACRT,NAV,MONTH,2026-08-31 00:00:00.000,,,,-3.67,,,,,,2026-08-14 00:00:00.000
S&P 500 Autocallable Income ETF,ACSP,NAV,MONTH,2026-08-31 00:00:00.000,,,,-2.88,,,,,,2026-08-14 00:00:00.000
Ultra Silver,AGQ,NAV,MONTH,2026-08-31 00:00:00.000,30.18,-28.21,-56.49,-47.26,42.16,39.51,16.72,5.89,2.84,2008-12-03 00:00:00.000
Morningstar Alternatives Solution ETF,ALTS,NAV,MONTH,2022-04-30 00:00:00.000,-0.17,1.43,0.05,-0.49,1.91,3.51,2.19,,1.66,2014-10-09 00:00:00.000
MSCI Transformational Changes ETF,ANEW,NAV,MONTH,2026-08-31 00:00:00.000,5.57,6.3,10.58,8.91,8.17,15.22,3.61,,6.21,2020-10-16 00:00:00.000
Bitcoin & Ether Equal Weight ETF,BETE,NAV,MONTH,2026-08-31 00:00:00.000,29.1,14.52,22.73,-15.15,-37.09,,,,24.11,2023-10-02 00:00:00.000
Bitcoin & Ether Market Cap Weight ETF,BETH,NAV,MONTH,2026-08-31 00:00:00.000,26.25,8.6,19.22,-13.26,-32.7,,,,29.16,2023-10-02 00:00:00.000
Ultra Nasdaq Biotechnology,BIB,NAV,MONTH,2026-08-31 00:00:00.000,20.64,37.6,32.12,46.06,111.88,31.78,2.64,10.06,18.42,2010-04-08 00:00:00.000
UltraShort Nasdaq Biotechnology,BIS,NAV,MONTH,2026-08-31 00:00:00.000,-19.43,-31.42,-31.68,-39.31,-59.24,-32.75,-17.55,-26.27,-33.19,2010-04-08 00:00:00.000
Short Bitcoin ETF,BITI,NAV,MONTH,2026-08-31 00:00:00.000,-20.91,-9.23,-20.12,0.75,20.88,-39.06,,,-39.28,2022-06-21 00:00:00.000
Bitcoin ETF,BITO,NAV,MONTH,2026-08-31 00:00:00.000,25.08,6.59,18.32,-11.74,-29.45,36.27,,,-0.01,2021-10-18 00:00:00.000
Ultra Bitcoin ETF,BITU,NAV,MONTH,2026-08-31 00:00:00.000,53.45,6.32,24.52,-36.38,-62.48,,,,-25.08,2024-04-02 00:00:00.000
Ultra Bloomberg Natural Gas,BOIL,NAV,MONTH,2026-08-31 00:00:00.000,0.88,-31.81,-37.42,-54.57,-66.05,-68.03,-70.95,-59.09,-57.83,2011-10-06 00:00:00.000
S&P 500 Buyback Aristocrats ETF,BUYB,NAV,MONTH,2026-08-31 00:00:00.000,-0.45,6.32,,7.31,,,,,,2026-05-07 00:00:00.000
UltraShort MSCI Brazil Capped,BZQ,NAV,MONTH,2026-08-31 00:00:00.000,3.04,-4.06,5.94,-30.15,-44.62,-25.35,-26.35,-34.35,-29.27,2009-06-18 00:00:00.000
Long Online/Short Stores ETF ,CLIX,NAV,MONTH,2026-08-31 00:00:00.000,-0.71,2.2,10.19,-1.32,6.33,17.8,-3.52,,4.93,2017-11-16 00:00:00.000
UltraShort Bloomberg Commodity,CMD,NAV,MONTH,2016-08-31 00:00:00.000,-2.25,-1.26,-23.58,-19.58,5.1,24.24,21.19,,-1.17,2008-11-26 00:00:00.000
USD Covered Bond,COBO,NAV,MONTH,2017-08-31 00:00:00.000,0.37,0.57,1.51,1.81,0.84,1.38,1.13,,1.45,2012-05-23 00:00:00.000
Ultra COIN,COIA,NAV,MONTH,2026-08-31 00:00:00.000,56.69,-16.75,-18.36,-58.02,,,,,,2025-09-10 00:00:00.000
Ultra CRCL,CRCA,NAV,MONTH,2026-08-31 00:00:00.000,117.95,-45.56,-28.25,-34.67,-83.18,,,,-87.8,2025-08-07 00:00:00.000
UltraShort Australian Dollar,CROC,NAV,MONTH,2022-04-30 00:00:00.000,12,-0.54,11.74,5.06,15.61,-2.79,-0.01,,2.45,2012-07-19 00:00:00.000
Large Cap Core Plus,CSM,NAV,MONTH,2026-08-31 00:00:00.000,2.18,1.64,12.28,11.52,20.2,21.03,12.27,14.17,14.92,2009-07-15 00:00:00.000
S&P Kensho Cleantech ETF,CTEX,NAV,MONTH,2026-08-31 00:00:00.000,-5.81,-35.56,-11.83,-10.23,21.2,4.23,,,-4.08,2021-09-29 00:00:00.000
Big Data Refiners ETF,DAT,NAV,MONTH,2026-08-31 00:00:00.000,15.77,16.87,41.85,14.48,11.61,23.12,,,5.46,2021-09-29 00:00:00.000
Short Oil & Gas,DDG,NAV,MONTH,2022-04-30 00:00:00.000,1.09,-15.39,-27.37,-28.45,-42.65,-22.99,-15.62,-10.64,-10.74,2008-06-12 00:00:00.000
Ultra Dow30,DDM,NAV,MONTH,2026-08-31 00:00:00.000,2.38,7.43,15.39,18.84,30.61,26.45,12.99,19.63,14.52,2006-06-21 00:00:00.000
Ultra Energy,DIG,NAV,MONTH,2026-08-31 00:00:00.000,14.2,27.17,26.97,94.82,91.68,21.41,39.6,6.63,0.85,2007-02-01 00:00:00.000
Short Dow30,DOG,NAV,MONTH,2026-08-31 00:00:00.000,-1.03,-3.2,-6.43,-7.67,-11.13,-9.07,-5.54,-11.12,-10.41,2006-06-21 00:00:00.000
UltraShort Energy,DUG,NAV,MONTH,2026-08-31 00:00:00.000,-13.88,-24.66,-28.15,-54.57,-54.95,-27.83,-42.73,-33.19,-30.55,2007-02-01 00:00:00.000
UltraShort Dow30,DXD,NAV,MONTH,2026-08-31 00:00:00.000,-2.34,-7.3,-14.4,-17.22,-24.41,-21.94,-15.25,-24.62,-23.08,2006-07-13 00:00:00.000
Ultra MSCI Emerging Markets,EET,NAV,MONTH,2026-08-31 00:00:00.000,8.54,-7.34,7.04,38.01,66.2,34.8,4.5,8.1,4.23,2009-06-04 00:00:00.000
Ether ETF,EETH,NAV,MONTH,2026-08-31 00:00:00.000,32.76,22.24,26.83,-18.46,-44.43,,,,7.88,2023-10-02 00:00:00.000
UltraShort MSCI Emerging Markets,EEV,NAV,MONTH,2026-08-31 00:00:00.000,-8.81,-1.94,-22.61,-40.97,-51.75,-34.2,-16.94,-22.41,-25.59,2007-11-01 00:00:00.000
MSCI EAFE Dividend Growers ETF,EFAD,NAV,MONTH,2026-08-31 00:00:00.000,3.18,5.38,3.09,9.18,9.73,9.58,1.01,4.81,3.32,2014-08-21 00:00:00.000
Ultra MSCI EAFE,EFO,NAV,MONTH,2026-08-31 00:00:00.000,3.05,6.38,2.38,21.83,35.85,27.48,8.99,10.9,8.6,2009-06-04 00:00:00.000
UltraShort MSCI EAFE,EFU,NAV,MONTH,2026-08-31 00:00:00.000,-2.97,-7.34,-7.89,-23.05,-31.17,-26.31,-16.52,-19.73,-19.15,2007-10-25 00:00:00.000
Short MSCI EAFE,EFZ,NAV,MONTH,2026-08-31 00:00:00.000,-1.35,-3.12,-2.46,-10.55,-14.79,-11.31,-5.99,-8.38,-7.54,2007-10-25 00:00:00.000
MSCI Emerging Markets Dividend Growers ETF,EMDV,NAV,MONTH,2026-08-31 00:00:00.000,0.9,1.36,0.06,2.76,5.64,4.88,-1.88,2.18,4.19,2016-01-27 00:00:00.000
Short Term USD Emerging Markets Bond ETF,EMSH,NAV,MONTH,2022-04-30 00:00:00.000,-1.35,-7.44,-9.18,-8.21,-8.73,-1.91,-0.55,,1.45,2013-11-21 00:00:00.000
Decline of the Retail Store ETF ,EMTY,NAV,MONTH,2026-08-31 00:00:00.000,3.28,1.78,10.22,0.79,9.22,-4.38,-1.56,,-10.95,2017-11-16 00:00:00.000
UltraShort FTSE Europe ,EPV,NAV,MONTH,2026-08-31 00:00:00.000,-1.83,-7.71,-8.1,-20.57,-30.4,-26.97,-18.89,-22.65,-25.56,2009-06-18 00:00:00.000
Ultra QQQ Equal Weight,EQQQ,NAV,MONTH,2026-08-31 00:00:00.000,7.63,,,5.52,,,,,,2026-07-23 00:00:00.000
Equities for Rising Rates ETF,EQRR,NAV,MONTH,2026-08-31 00:00:00.000,6.49,12.22,29.16,37.32,40.67,21.24,14.9,,11.38,2017-07-25 00:00:00.000
UltraShort Ether ETF,ETHD,NAV,MONTH,2026-08-31 00:00:00.000,-47.93,-49.18,-61.08,-32.44,-6.52,,,,-62.17,2024-06-07 00:00:00.000
Ultra Ether ETF,ETHT,NAV,MONTH,2026-08-31 00:00:00.000,70.9,32.18,29.97,-53.89,-82.88,,,,-66.13,2024-06-07 00:00:00.000
MSCI Europe Dividend Growers ETF,EUDV,NAV,MONTH,2026-08-31 00:00:00.000,2.82,3.53,1.29,7.25,7.75,9.38,1.93,5.94,5.11,2015-09-10 00:00:00.000
Short Euro,EUFX,NAV,MONTH,2022-04-30 00:00:00.000,4.91,6.58,9.67,7.99,13.86,2.85,2.12,,1.98,2012-06-27 00:00:00.000
Short MSCI Emerging Markets,EUM,NAV,MONTH,2026-08-31 00:00:00.000,-4.25,0.69,-9.17,-20.3,-27.33,-15.92,-5.88,-9.35,-9.71,2007-11-01 00:00:00.000
UltraShort Euro,EUO,NAV,MONTH,2026-08-31 00:00:00.000,-1.03,2.06,5.96,5.36,6.53,0.2,4.5,2.19,1.02,2008-11-26 00:00:00.000
UltraShort MSCI Japan,EWV,NAV,MONTH,2026-08-31 00:00:00.000,-7.12,-8.78,-12.34,-33.17,-41.07,-30.36,-18.93,-19.83,-18.86,2007-11-08 00:00:00.000
Ultra MSCI Japan,EZJ,NAV,MONTH,2026-08-31 00:00:00.000,6.99,4.56,2.48,32.12,47.05,27.89,8.82,9.98,8,2009-06-04 00:00:00.000
S&P 500 Dynamic Buffer ETF,FB,NAV,MONTH,2026-08-31 00:00:00.000,0.89,1.69,6.85,7.88,12.16,,,,12.4,2025-06-26 00:00:00.000
Short 30 Year TIPS/TSY Spread,FINF,NAV,MONTH,2014-12-31 00:00:00.000,2.54,6.21,12.73,12.48,12.48,,,,3.76,2012-01-12 00:00:00.000
UltraPro Financial Select Sector,FINU,NAV,MONTH,2020-03-31 00:00:00.000,-65.99,-78.7,-72.07,-78.7,-65.44,-28.24,-9.93,,12.55,2012-07-12 00:00:00.000
UltraPro Short Financial Select Sector,FINZ,NAV,MONTH,2020-03-31 00:00:00.000,-1.6,46.78,7.63,46.78,-23.14,-24.88,-32.49,,-39.96,2012-07-12 00:00:00.000
Managed Futures Strategy ETF,FUT,NAV,MONTH,2022-04-30 00:00:00.000,2.7,7.59,5.01,8.41,4.69,2.73,1.52,,1.62,2016-02-18 00:00:00.000
Managed Futures Strategy (Fund Closing),FUTS,NAV,MONTH,2016-03-31 00:00:00.000,-2.42,-2.36,-2.6,-2.36,-6.61,,,,0.16,2014-10-02 00:00:00.000
UltraShort FTSE China 50,FXP,NAV,MONTH,2026-08-31 00:00:00.000,6.69,-3.9,7.63,12.47,13.08,-29.4,-19.89,-21.26,-27.85,2007-11-08 00:00:00.000
Ultra Australian Dollar,GDAY,NAV,MONTH,2015-07-31 00:00:00.000,-100,-100,-100,-100,-100,-100,,,-100,2012-07-19 00:00:00.000
Ultra Junior Miners,GDJJ,NAV,MONTH,2017-08-31 00:00:00.000,14.19,27.82,-12.95,14.09,-36.23,,,,0.53,2015-02-13 00:00:00.000
UltraShort Junior Miners,GDJS,NAV,MONTH,2016-07-31 00:00:00.000,-34.65,-56.11,-92.14,-92.33,-94.42,,,,-81.99,2015-02-13 00:00:00.000
UltraShort Gold Miners,GDXS,NAV,MONTH,2019-07-31 00:00:00.000,-9.71,-41.45,-32.51,-42.21,-47.16,-13.78,,,-39.78,2015-02-13 00:00:00.000
Ultra Gold Miners,GDXX,NAV,MONTH,2019-07-31 00:00:00.000,5.92,55.6,28.91,48,38.88,-18.8,,,-5.44,2015-02-13 00:00:00.000
German Sovereign/Sub-Sovereign ETF,GGOV,NAV,MONTH,2017-08-31 00:00:00.000,1.68,5.76,11.38,12.39,5.1,-2.3,0.11,,0.39,2012-01-26 00:00:00.000
UltraShort Gold,GLL,NAV,MONTH,2026-08-31 00:00:00.000,-17.12,3.51,32.01,-15.44,-46.2,-42.56,-30.02,-22.6,-22.45,2008-12-03 00:00:00.000
Ultra Homebuilders & Supplies,HBU,NAV,MONTH,2016-07-31 00:00:00.000,9.39,17.27,37.9,10.23,-2.32,,,,2.58,2015-06-23 00:00:00.000
UltraShort Homebuilders & Supplies,HBZ,NAV,MONTH,2016-07-31 00:00:00.000,-9.49,-18.4,-34.77,-21.37,-21.23,,,,-24.16,2015-06-23 00:00:00.000
Hedge Replication ETF,HDG,NAV,MONTH,2026-08-31 00:00:00.000,0.92,0.95,4.69,7.48,10.72,7.51,3.31,3.87,2.98,2011-07-14 00:00:00.000
Hedged FTSE Europe ETF,HGEU,NAV,MONTH,2017-08-31 00:00:00.000,0.26,-1.06,7.22,9.95,16.61,,,,5.02,2015-06-25 00:00:00.000
Hedged FTSE Japan ETF,HGJP,NAV,MONTH,2017-08-31 00:00:00.000,-0.18,2.94,6.11,7.18,22.73,,,,-1.49,2015-06-25 00:00:00.000
High Yield—Interest Rate Hedged,HYHG,NAV,MONTH,2026-08-31 00:00:00.000,1.12,1.66,4.77,4.8,7.12,8.82,7.13,5.86,4.27,2013-05-23 00:00:00.000
Investment Grade—Interest Rate Hedged,IGHG,NAV,MONTH,2026-08-31 00:00:00.000,0.32,0.28,2.92,2.47,4.4,7.26,5.44,4.54,3.72,2013-11-07 00:00:00.000
Short Investment Grade Corporate,IGS,NAV,MONTH,2016-07-31 00:00:00.000,-1.42,-4.15,-10.25,-10.48,-11,-8.02,-7.62,,-8.15,2011-03-29 00:00:00.000
Ultra Investment Grade Corporate,IGU,NAV,MONTH,2016-07-31 00:00:00.000,2.5,7.54,21.15,21.32,19.92,11.33,10.04,,11.26,2011-04-14 00:00:00.000
S&P Global Core Battery Metals ETF,ION,NAV,MONTH,2026-08-31 00:00:00.000,12.82,-10.91,-17.05,4.21,54.18,18.2,,,10.07,2022-11-30 00:00:00.000
GENIUS Money Market ETF,IQMM,NAV,MONTH,2026-08-31 00:00:00.000,0.28,0.9,1.79,1.91,,,,,,2026-02-19 00:00:00.000
Nasdaq-100 High Income ETF,IQQQ,NAV,MONTH,2026-08-31 00:00:00.000,3.18,-3.65,13.98,13.59,22.56,,,,18.86,2024-03-20 00:00:00.000
S&P 500 High Income ETF,ISPY,NAV,MONTH,2026-08-31 00:00:00.000,1.73,0.54,9.85,10.53,17.1,,,,17.05,2023-12-20 00:00:00.000
Russell 2000 High Income ETF,ITWO,NAV,MONTH,2026-08-31 00:00:00.000,0.87,2.2,14.48,21.14,29.27,,,,19.44,2024-09-05 00:00:00.000
UltraShort MSCI Pacific ex-Japan,JPX,NAV,MONTH,2016-07-31 00:00:00.000,-12.23,-14.15,-35.09,-25.2,-19,-13.99,-17.46,,-28.29,2009-06-18 00:00:00.000
UltraShort Bloomberg Natural Gas,KOLD,NAV,MONTH,2026-08-31 00:00:00.000,-3.74,32.63,21.42,-20.27,-19.13,1.71,-27.4,-22.13,-11.55,2011-10-06 00:00:00.000
Short S&P Regional Banking,KRS,NAV,MONTH,2017-08-31 00:00:00.000,4.48,-1.34,7.44,3.19,-22.29,-16.56,-17.6,,-15.76,2010-04-22 00:00:00.000
Ultra S&P Regional Banking,KRU,NAV,MONTH,2017-08-31 00:00:00.000,-9.25,0.13,-19.21,-14.26,42.83,19.6,25.47,,12.74,2010-04-22 00:00:00.000
CoinDesk 20 Crypto ETF,KRYP,NAV,MONTH,2026-08-31 00:00:00.000,25.29,6.2,7.54,-11.65,,,,,,2026-02-04 00:00:00.000
Ultra Communication Services,LTL,NAV,MONTH,2026-08-31 00:00:00.000,5.37,-8.96,-13.69,-14.21,-5.13,29.66,14.5,7.88,7.13,2008-03-27 00:00:00.000
S&P Kensho Smart Factories ETF,MAKX,NAV,MONTH,2026-08-31 00:00:00.000,0.53,-7.58,17.28,31.28,29.78,23.03,,,10.87,2021-09-29 00:00:00.000
Merger ETF,MRGR,NAV,MONTH,2026-08-31 00:00:00.000,-0.17,0.54,2.05,2.85,8.99,7.64,4.13,3.75,2.19,2012-12-13 00:00:00.000
Ultra MidCap400,MVV,NAV,MONTH,2026-08-31 00:00:00.000,-0.26,0.68,7.72,24.85,26.66,18.03,6.12,12.64,11.45,2006-06-21 00:00:00.000
Short MidCap400,MYY,NAV,MONTH,2026-08-31 00:00:00.000,0.22,-0.14,-3.83,-10.65,-11.02,-8.48,-5.45,-10.61,-11.61,2006-06-21 00:00:00.000
UltraShort MidCap400,MZZ,NAV,MONTH,2026-08-31 00:00:00.000,0.16,-1.17,-9.49,-22.41,-24.34,-21.02,-15.81,-24.41,-25.93,2006-07-13 00:00:00.000
S&P 500 Dividend Aristocrats ETF,NOBL,NAV,MONTH,2026-08-31 00:00:00.000,1.41,8.43,2.02,12.35,12.93,9.34,6.38,9.98,10.82,2013-10-10 00:00:00.000
Ultra NVDA,NVDB,NAV,MONTH,2026-08-31 00:00:00.000,17.86,1.2,35.1,16.95,,,,,,2025-09-10 00:00:00.000
UltraPro 3x Short Crude Oil ETF,OILD,NAV,MONTH,2020-04-30 00:00:00.000,,,,,,,,,0,2017-03-27 00:00:00.000
K-1 Free Crude Oil ETF,OILK,NAV,MONTH,2026-08-31 00:00:00.000,5.7,3.62,38.71,60.86,48.47,12.31,16.71,,3.95,2016-09-28 00:00:00.000
UltraPro 3x Crude Oil ETF,OILU,NAV,MONTH,2020-04-30 00:00:00.000,,,,,,,,,0,2017-03-27 00:00:00.000
On-Demand ETF,OND,NAV,MONTH,2026-08-31 00:00:00.000,1.47,-0.09,-3.84,-14.27,-20.52,15.11,,,-2.41,2021-10-26 00:00:00.000
Online Retail ETF,ONLN,NAV,MONTH,2026-08-31 00:00:00.000,-2.41,1.01,4.44,-1.86,1.76,20.26,-3.9,,4.95,2018-07-16 00:00:00.000
Pet Care ETF,PAWZ,NAV,MONTH,2026-08-31 00:00:00.000,3.44,9.05,-8.82,-4.13,-9.49,2.06,-8.16,,3.96,2018-11-06 00:00:00.000
Global Listed Private Equity ETF,PEX,NAV,MONTH,2026-08-31 00:00:00.000,6.27,9.67,6.96,-1.53,-5.9,6.85,0.74,5.33,5.87,2013-02-28 00:00:00.000
Ultra PLTR,PLTA,NAV,MONTH,2026-08-31 00:00:00.000,111.23,20.91,41.64,-22.07,,,,,,2025-09-10 00:00:00.000
Short QQQ,PSQ,NAV,MONTH,2026-08-31 00:00:00.000,-3.8,2.96,-14.85,-13.36,-18.54,-16.61,-11.68,-18.41,-16.56,2006-06-21 00:00:00.000
UltraShort 7-10 Year Treasury,PST,NAV,MONTH,2026-08-31 00:00:00.000,0.43,4.27,11.91,8.6,8.57,4.27,11.07,3.11,-4.97,2008-05-01 00:00:00.000
Nasdaq-100 Dynamic Buffer ETF,QB,NAV,MONTH,2026-08-31 00:00:00.000,1.66,4.34,13.14,15.49,20.46,,,,18.86,2025-06-26 00:00:00.000
UltraShort QQQ,QID,NAV,MONTH,2026-08-31 00:00:00.000,-7.88,3.65,-30.22,-28.39,-37.97,-35.81,-28.16,-37.77,-34.56,2006-07-13 00:00:00.000
Ultra QQQ,QLD,NAV,MONTH,2026-08-31 00:00:00.000,7.87,-8.28,32.84,28.34,45.63,39.96,17.29,33.21,25.26,2006-06-21 00:00:00.000
UltraShort QQQ Mega,QQDN,NAV,MONTH,2026-08-31 00:00:00.000,-6.29,2.86,-29.76,-18.29,-31.54,,,,-39.54,2025-06-12 00:00:00.000
Nasdaq-100 Dorsey Wright Momentum ETF,QQQA,NAV,MONTH,2026-08-31 00:00:00.000,-0.89,-8.3,31.9,41.2,59.79,25.66,9.41,,11.49,2021-05-20 00:00:00.000
Ultra QQQ Mega,QQUP,NAV,MONTH,2026-08-31 00:00:00.000,6.07,-7.13,30.95,10.77,27.75,,,,46.49,2025-06-12 00:00:00.000
Ultra QQQ Top 30,QQXL,NAV,MONTH,2026-08-31 00:00:00.000,7.42,-11.6,34.12,26.53,42.39,,,,34.66,2025-08-15 00:00:00.000
RAFI Long/Short,RALS,NAV,MONTH,2022-04-30 00:00:00.000,2.96,3.83,8.44,7.86,4.12,-0.37,-1.28,0.54,-0.22,2010-12-09 00:00:00.000
Russell 2000 Dynamic Buffer ETF,RB,NAV,MONTH,2026-08-31 00:00:00.000,0.74,0.94,5.44,8.03,17.1,,,,16.76,2025-06-26 00:00:00.000
S&P MidCap 400 Dividend Aristocrats ETF,REGL,NAV,MONTH,2026-08-31 00:00:00.000,-1,5.88,2.13,11.31,10.62,12.66,7.74,9.43,9.88,2015-02-05 00:00:00.000
Short Real Estate,REK,NAV,MONTH,2026-08-31 00:00:00.000,2.52,-0.15,-0.13,-7.39,-2.84,-4.08,1.1,-5.75,-9.69,2010-03-18 00:00:00.000
UltraShort Technology,REW,NAV,MONTH,2026-08-31 00:00:00.000,-12.4,-1.93,-49.81,-46.56,-56.15,-44.79,-35.94,-43.92,-36.54,2007-02-01 00:00:00.000
Inflation Expectations ETF,RINF,NAV,MONTH,2026-08-31 00:00:00.000,-0.38,0.33,4.09,2.83,2.9,3.92,5.77,4.51,0.93,2012-01-12 00:00:00.000
Ultra Technology,ROM,NAV,MONTH,2026-08-31 00:00:00.000,12.05,-8.61,68.36,53.82,80.21,47.84,20.65,38.39,24.23,2007-02-01 00:00:00.000
Short Russell2000,RWM,NAV,MONTH,2026-08-31 00:00:00.000,-0.66,-0.7,-10.38,-15.23,-18.6,-11.91,-5.39,-11.32,-12.01,2007-01-25 00:00:00.000
UltraShort Health Care,RXD,NAV,MONTH,2026-08-31 00:00:00.000,-9.14,-24.09,-12.97,-18.14,-35.59,-13.26,-8.27,-20.87,-23.08,2007-02-01 00:00:00.000
Ultra Health Care,RXL,NAV,MONTH,2026-08-31 00:00:00.000,9.24,28.07,10.3,16.82,46.9,12.18,3.25,14.41,15.16,2007-02-01 00:00:00.000
Ultra SmallCap600,SAA,NAV,MONTH,2026-08-31 00:00:00.000,-1.76,7.43,20.43,38.33,41.6,18.31,3.43,11.04,9.25,2007-01-25 00:00:00.000
Short SmallCap600,SBB,NAV,MONTH,2026-08-31 00:00:00.000,0.95,-3.42,-9.04,-15.23,-16.35,-9.9,-5.26,-11.4,-12.3,2007-01-25 00:00:00.000
UltraShort Bitcoin ETF,SBIT,NAV,MONTH,2026-08-31 00:00:00.000,-38.9,-22.58,-42.77,-14.76,14.02,,,,-49.79,2024-04-02 00:00:00.000
Short Basic Materials,SBM,NAV,MONTH,2022-04-30 00:00:00.000,4.92,-6.28,-7.12,0.28,-11.57,-20.29,-14.56,-12.46,-12.92,2010-03-18 00:00:00.000
UltraShort Consumer Discretionary,SCC,NAV,MONTH,2026-08-31 00:00:00.000,-0.74,6.14,-2.03,2.59,-3.61,-21.48,-13.99,-24.85,-25.83,2007-02-01 00:00:00.000
UltraShort Bloomberg Crude Oil,SCO,NAV,MONTH,2026-08-31 00:00:00.000,-11.84,-13.59,-57.61,-69.44,-64.78,-31.41,-41.83,-39.75,-25.96,2008-11-26 00:00:00.000
UltraPro Short Communication Services Select Sector,SCOM,NAV,MONTH,2020-03-31 00:00:00.000,20.03,37.56,6.38,37.56,-16.96,,,,-25.23,2019-01-16 00:00:00.000
UltraShort SmallCap600,SDD,NAV,MONTH,2026-08-31 00:00:00.000,1.58,-7.75,-19.39,-30.67,-33.94,-24.41,-16.32,-26.53,-27.97,2007-01-25 00:00:00.000
UltraShort Russell MidCap Growth,SDK,NAV,MONTH,2014-12-31 00:00:00.000,-0.17,-12.79,-12.56,-25.43,-25.43,-35.98,-35,,-28.19,2007-02-22 00:00:00.000
UltraPro Short Dow30,SDOW,NAV,MONTH,2026-08-31 00:00:00.000,-3.67,-11.44,-22.25,-26.5,-36.48,-33.91,-25.34,-37.95,-38.17,2010-02-11 00:00:00.000
UltraShort Utilities,SDP,NAV,MONTH,2026-08-31 00:00:00.000,10.65,10.02,25.81,0.8,-2.26,-19.49,-13.27,-20.23,-20.98,2007-02-01 00:00:00.000
UltraShort S&P500,SDS,NAV,MONTH,2026-08-31 00:00:00.000,-4.68,-1.94,-18.87,-19.15,-26.74,-27.47,-20.08,-27.29,-24.92,2006-07-13 00:00:00.000
Short Financials,SEF,NAV,MONTH,2026-08-31 00:00:00.000,-0.88,-9.85,-9.47,-3.25,-3.6,-12.79,-6.96,-12.05,-13.95,2008-06-12 00:00:00.000
Short Ether ETF,SETH,NAV,MONTH,2026-08-31 00:00:00.000,-26.41,-24.53,-31.23,-4.22,22.59,,,,-37.21,2023-11-02 00:00:00.000
UltraShort Russell1000 Growth,SFK,NAV,MONTH,2014-12-31 00:00:00.000,1.37,-10.68,-14.15,-25.96,-25.96,-34.59,-31.79,,-24.79,2007-02-22 00:00:00.000
Short S&P500,SH,NAV,MONTH,2026-08-31 00:00:00.000,-2.21,-0.38,-8.83,-8.69,-12.41,-12.22,-8,-12.65,-11.37,2006-06-21 00:00:00.000
UltraShort Industrials,SIJ,NAV,MONTH,2026-08-31 00:00:00.000,5.62,-2.7,0.65,-22.6,-25.28,-26.99,-17.8,-27.03,-26.93,2007-02-01 00:00:00.000
UltraPro Short 10 Year TIPS/TSY Spread,SINF,NAV,MONTH,2014-12-31 00:00:00.000,4.82,11.31,22.07,16.97,16.97,,,,7.26,2012-02-09 00:00:00.000
Short High Yield,SJB,NAV,MONTH,2026-08-31 00:00:00.000,-0.57,0.16,0.13,0.51,0.59,-1.79,-0.09,-3.37,-5.04,2011-03-22 00:00:00.000
UltraShort Russell1000 Value,SJF,NAV,MONTH,2014-12-31 00:00:00.000,-1.97,-10.94,-11.4,-26.03,-26.03,-35.19,-31.89,,-23.38,2007-02-22 00:00:00.000
UltraShort Russell2000 Value,SJH,NAV,MONTH,2014-12-31 00:00:00.000,-6.26,-18.76,-4.36,-15.43,-15.43,-34.68,-35.24,,-29.41,2007-02-22 00:00:00.000
UltraShort Russell MidCap Value,SJL,NAV,MONTH,2014-12-31 00:00:00.000,-2.16,-12.7,-8.73,-27.91,-27.91,-36.76,-35.18,,-27.33,2007-02-22 00:00:00.000
UltraShort Financials,SKF,NAV,MONTH,2026-08-31 00:00:00.000,-2.08,-19.74,-20.01,-9.55,-11.73,-28.38,-18.35,-26.87,-28.14,2007-02-01 00:00:00.000
Ultra SK hynix,SKHU,NAV,MONTH,2026-08-31 00:00:00.000,23.2,,,-7.71,,,,,,2026-07-14 00:00:00.000
UltraShort Russell2000 Growth,SKK,NAV,MONTH,2014-12-31 00:00:00.000,-6.98,-20.55,-11.96,-20.91,-20.91,-38.23,-39.04,,-32.24,2007-02-22 00:00:00.000
Ultra Nasdaq Cloud Computing ,SKYU,NAV,MONTH,2026-08-31 00:00:00.000,31.94,25.72,110.15,45.39,46.79,41.94,2.05,,5.44,2021-01-21 00:00:00.000
Ultra Solana ETF,SLON,NAV,MONTH,2026-08-31 00:00:00.000,93.39,41.21,31.13,-52.43,-86.97,,,,-79.18,2025-07-15 00:00:00.000
UltraPro Short MidCap400,SMDD,NAV,MONTH,2026-08-31 00:00:00.000,-0.12,-2.88,-16.17,-33.95,-37.41,-34.96,-28.67,-39.21,-42.22,2010-02-11 00:00:00.000
Russell 2000 Dividend Growers ETF,SMDV,NAV,MONTH,2026-08-31 00:00:00.000,-1.49,5.42,7.02,16.37,14.06,10.98,6.25,7.28,8.09,2015-02-05 00:00:00.000
UltraShort MSCI Mexico Capped IMI,SMK,NAV,MONTH,2017-08-31 00:00:00.000,-0.97,-19.47,-37.7,-44.5,-34.54,-4.4,-14.49,,-28.39,2009-06-18 00:00:00.000
UltraShort Materials,SMN,NAV,MONTH,2026-08-31 00:00:00.000,-8.31,-6.65,0.69,-27.63,-25.44,-15.83,-16.36,-24.85,-27.9,2007-02-01 00:00:00.000
UltraShort Oil & Gas Exploration & Production,SOP,NAV,MONTH,2017-08-31 00:00:00.000,14.56,8.79,38.06,61.86,10.34,,,,-7.32,2015-06-23 00:00:00.000
Ultra SpaceX,SPCF,MARKET,QUARTER,2026-06-30 00:00:00.000,,,,2.6,,,,,,2026-06-15 00:00:00.000
S&P 500 Bond ETF,SPXBOLD,MARKET,QUARTER,2024-03-31 00:00:00.000,1.41,-0.72,8.32,-0.72,3.49,-2.26,1.31,,2.24,2018-05-03 00:00:00.000
S&P 500 Ex-Energy ETF,SPXE,MARKET,QUARTER,2026-06-30 00:00:00.000,-0.89,16.39,9.76,9.76,21.88,20.74,13.04,15.81,15.41,2015-09-24 00:00:00.000
S&P 500 Ex-Financials ETF,SPXN,MARKET,QUARTER,2026-06-30 00:00:00.000,-1.74,16.36,11.77,11.77,25.46,21.05,13.98,16.2,15.7,2015-09-24 00:00:00.000
S&P 500 Ex-Technology ETF,SPXT,MARKET,QUARTER,2026-06-30 00:00:00.000,0.54,7.21,4.95,4.95,14.59,15.75,9.54,11.57,11.61,2015-09-24 00:00:00.000
UltraPro Short S&P500,SPXU,MARKET,QUARTER,2026-06-30 00:00:00.000,2.97,-34.01,-24.09,-24.09,-41.94,-40.58,-33.95,-41.72,-42.81,2009-06-25 00:00:00.000
S&P 500 Ex-Health Care ETF,SPXV,MARKET,QUARTER,2026-06-30 00:00:00.000,-1.66,15.95,10.68,10.68,22.46,22.13,14.14,16.15,15.84,2015-09-24 00:00:00.000
UltraPro Short QQQ,SQQQ,MARKET,QUARTER,2026-06-30 00:00:00.000,-3.15,-54.18,-45.71,-45.71,-60.51,-54.45,-47.48,-56.23,-53.37,2010-02-11 00:00:00.000
UltraShort Real Estate,SRS,MARKET,QUARTER,2026-06-30 00:00:00.000,-1.77,-14.97,-17.38,-17.38,-12.96,-12.14,-6.68,-15.98,-28.3,2007-02-01 00:00:00.000
UltraPro Short Russell2000,SRTY,MARKET,QUARTER,2026-06-30 00:00:00.000,-11.32,-45.48,-48.59,-48.59,-67.1,-46.12,-32.21,-44.46,-45.99,2010-02-11 00:00:00.000
UltraShort Semiconductors,SSG,MARKET,QUARTER,2026-06-30 00:00:00.000,-13.17,-61.87,-62.43,-62.43,-77.32,-74.13,-66.41,-62.22,-49.26,2007-02-01 00:00:00.000
Ultra S&P500,SSO,MARKET,QUARTER,2026-06-30 00:00:00.000,-2.78,30.13,16.81,16.81,38.98,33.35,18.37,23.96,15.82,2006-06-21 00:00:00.000
Supply Chain Logistics ETF,SUPL,MARKET,QUARTER,2026-06-30 00:00:00.000,-1.08,8.07,15.51,15.51,23.99,9.46,,,7.27,2022-04-05 00:00:00.000
Short VIX Short-Term Futures ETF,SVXY,MARKET,QUARTER,2026-06-30 00:00:00.000,3.75,25.02,3.4,3.4,34.41,10.59,15.57,1.56,12.57,2011-10-04 00:00:00.000
UltraShort Consumer Staples,SZK,MARKET,QUARTER,2026-06-30 00:00:00.000,-1.55,-3.27,-13.61,-13.61,-4.41,-4.95,-3.48,-16.05,-19.48,2007-02-01 00:00:00.000
Short 20+ Year Treasury,TBF,MARKET,QUARTER,2026-06-30 00:00:00.000,-0.68,0.64,1.48,1.48,3.12,7.76,10.55,3.13,-3.25,2009-08-20 00:00:00.000
UltraShort 20+ Year Treasury,TBT,MARKET,QUARTER,2026-06-30 00:00:00.000,-1.71,0.05,1.11,1.11,2.45,10.25,16.56,2.82,-9.92,2008-05-01 00:00:00.000
Short 7-10 Year Treasury,TBX,MARKET,QUARTER,2026-06-30 00:00:00.000,0.3,1.26,2.81,2.81,3.44,4.2,6.1,2.19,-1.11,2011-04-05 00:00:00.000
UltraShort 3-7 Year Treasury,TBZ,MARKET,QUARTER,2017-06-30 00:00:00.000,-0.79,-2.18,-4.16,-4.16,4.98,-5.51,-4.1,,-6.47,2011-04-05 00:00:00.000
S&P Technology Dividend Aristocrats ETF,TDV,MARKET,QUARTER,2026-06-30 00:00:00.000,0.17,23.06,20.76,20.76,26.4,17.59,13.35,,16.93,2019-11-07 00:00:00.000
Smart Materials ETF,TINT,MARKET,QUARTER,2026-06-30 00:00:00.000,-4.87,12.4,20.69,20.69,33.53,7.48,,,1.24,2021-10-26 00:00:00.000
Nanotechnology ETF,TINY,MARKET,QUARTER,2026-06-30 00:00:00.000,17.74,58.29,82.32,82.32,122.51,34.58,,,21.18,2021-10-26 00:00:00.000
UltraShort Telecommunications,TLL,MARKET,QUARTER,2015-06-30 00:00:00.000,2.55,4.63,-7.38,-7.38,-7.31,-26.64,-27.95,,-26.97,2008-03-27 00:00:00.000
Russell U.S. Dividend Growers ETF,TMDV,MARKET,QUARTER,2026-06-30 00:00:00.000,5.54,6.8,10.92,10.92,13.02,5.96,4.25,,6.49,2019-11-07 00:00:00.000
DJ Brookfield Global Infrastructure ETF,TOLZ,MARKET,QUARTER,2026-06-30 00:00:00.000,0.1,0.05,11.32,11.32,13.53,13.85,8.79,7.46,6.82,2014-03-27 00:00:00.000
UltraShort TIPS,TPS,MARKET,QUARTER,2017-06-30 00:00:00.000,-1.83,-3.47,-6.81,-6.81,-0.99,-3.01,-2.18,,-7.44,2011-02-10 00:00:00.000
UltraPro QQQ,TQQQ,MARKET,QUARTER,2026-06-30 00:00:00.000,-3.99,94.79,54.25,54.25,96.44,59.91,22.68,45.49,44.35,2010-02-11 00:00:00.000
Ultra TSLA,TSLI,MARKET,QUARTER,2026-06-30 00:00:00.000,-10.02,18.1,-24.31,-24.31,,,,,,2025-09-10 00:00:00.000
UltraPro Short 20+ Year Treasury,TTT,MARKET,QUARTER,2026-06-30 00:00:00.000,-3.91,-1.23,-0.18,-0.18,0.29,9.42,18.9,-0.14,-9.97,2012-03-29 00:00:00.000
UltraShort Russell2000,TWM,MARKET,QUARTER,2026-06-30 00:00:00.000,-7.43,-32.48,-34.34,-34.34,-50.18,-30.11,-18.26,-28.38,-28.35,2007-01-25 00:00:00.000
UltraShort Russell3000,TWQ,MARKET,QUARTER,2014-12-31 00:00:00.000,-3.37,-13.48,-15.42,-27.86,-27.86,-35.65,-32.18,,-35.66,2009-07-02 00:00:00.000
CDS North American HY Credit ETF,TYTE,MARKET,QUARTER,2016-03-31 00:00:00.000,5.28,2.11,5.55,2.11,3.28,,,,3.62,2014-08-07 00:00:00.000
UltraPro Nasdaq Biotechnology,UBIO,MARKET,QUARTER,2020-03-31 00:00:00.000,-33.52,-45.66,-6.13,-45.66,-39.31,-13.72,,,-30.36,2015-06-23 00:00:00.000
Ultra MSCI Brazil Capped,UBR,MARKET,QUARTER,2026-06-30 00:00:00.000,-7,-20.04,11.99,11.99,37.15,3.03,-4.83,-3.9,-13.78,2010-04-29 00:00:00.000
Ultra 20+ Year Treasury,UBT,MARKET,QUARTER,2026-06-30 00:00:00.000,2.4,0.77,-0.31,-0.31,-0.19,-9.86,-18.58,-8.79,0.95,2010-01-21 00:00:00.000
Ultra Consumer Discretionary,UCC,MARKET,QUARTER,2026-06-30 00:00:00.000,-6.57,13.52,-7.46,-7.46,7.75,12.84,-0.66,14.37,13.49,2007-02-01 00:00:00.000
Ultra Bloomberg Commodity,UCD,MARKET,QUARTER,2016-06-30 00:00:00.000,7.49,19.02,26.28,26.28,-24.62,-22.4,-23.3,,-12.76,2008-11-26 00:00:00.000
Ultra Bloomberg Crude Oil,UCO,MARKET,QUARTER,2026-06-30 00:00:00.000,-24.27,-16.16,70.55,70.55,47.03,11.69,11,-14.22,-25.78,2008-11-26 00:00:00.000
UltraPro Communication Services Select Sector,UCOM,MARKET,QUARTER,2020-03-31 00:00:00.000,-49.63,-59.41,-49.12,-59.41,-43.83,,,,-31.79,2019-01-16 00:00:00.000
Ultra Copper K-1 Free ETF,UCOP,MARKET,QUARTER,2026-06-30 00:00:00.000,-7.83,,,-0.98,,,,,,2026-04-21 00:00:00.000
Ultra Nasdaq Cybersecurity,UCYB,MARKET,QUARTER,2026-06-30 00:00:00.000,0.49,96.56,46.7,46.7,25.41,39.44,14.53,,13.93,2021-01-21 00:00:00.000
UltraPro Dow30,UDOW,MARKET,QUARTER,2026-06-30 00:00:00.000,6.76,40.1,21.75,21.75,50.47,34.58,15.17,24.13,26.39,2010-02-11 00:00:00.000
Ultra Consumer Staples,UGE,MARKET,QUARTER,2026-06-30 00:00:00.000,0.4,1.6,12.34,12.34,2.46,4.7,-2.94,7.74,11.16,2007-02-01 00:00:00.000
Ultra Gold,UGL,MARKET,QUARTER,2026-06-30 00:00:00.000,-22.9,-28.62,-20.98,-20.98,26.57,44.43,25.12,14.57,11.72,2008-12-03 00:00:00.000
UltraPro 10 Year TIPS/TSY Spread,UINF,MARKET,QUARTER,2014-12-31 00:00:00.000,-4.62,-11.94,-20.22,-16.27,-16.27,,,,-10.69,2012-02-09 00:00:00.000
Ultra High Yield,UJB,MARKET,QUARTER,2026-06-30 00:00:00.000,-0.23,2.92,1.17,1.17,5.79,11.26,2.68,6.31,6.68,2011-04-14 00:00:00.000
Ultra Russell1000 Growth,UKF,MARKET,QUARTER,2014-12-31 00:00:00.000,-1.16,10.74,13.63,27.69,27.69,40.79,29.21,,9.92,2007-02-22 00:00:00.000
Ultra Russell2000 Growth,UKK,MARKET,QUARTER,2014-12-31 00:00:00.000,6.96,22.08,7.95,9.6,9.6,39.59,28.85,,6.03,2007-02-22 00:00:00.000
Ultra Russell MidCap Growth,UKW,MARKET,QUARTER,2014-12-31 00:00:00.000,-0.68,9.33,10.32,21.89,21.89,40.78,30.04,,7.37,2007-02-22 00:00:00.000
Ultra Euro,ULE,MARKET,QUARTER,2026-06-30 00:00:00.000,-4.04,-2.83,-6.08,-6.08,-7.55,2.11,-3.36,-2.46,-3.92,2008-11-26 00:00:00.000
UltraPro MidCap400,UMDD,MARKET,QUARTER,2026-06-30 00:00:00.000,9.5,43.95,47.2,47.2,66.83,23.49,4.52,12.85,19.89,2010-02-11 00:00:00.000
Ultra MSCI Mexico Capped IMI,UMX,MARKET,QUARTER,2017-06-30 00:00:00.000,10.88,11.98,49.8,49.8,14.61,-15.77,-6.81,,-1.9,2010-04-29 00:00:00.000
Ultra Oil & Gas Exploration & Production,UOP,MARKET,QUARTER,2017-06-30 00:00:00.000,-6.28,-31.62,-44.11,-44.11,-24.33,,,,-42.43,2015-06-23 00:00:00.000
Ultra Palladium K-1 Free ETF,UPAL,MARKET,QUARTER,2026-06-30 00:00:00.000,-22.78,,,-43.53,,,,,,2026-04-21 00:00:00.000
Ultra Platinum K-1 Free ETF,UPLT,MARKET,QUARTER,2026-06-30 00:00:00.000,-36.45,,,-47.92,,,,,,2026-04-21 00:00:00.000
UltraPro S&P500,UPRO,MARKET,QUARTER,2026-06-30 00:00:00.000,-4.74,46.53,23.03,23.03,56.5,45.45,21.05,29.7,33.47,2009-06-25 00:00:00.000
Ultra FTSE Europe,UPV,MARKET,QUARTER,2026-06-30 00:00:00.000,0.77,15.78,10.75,10.75,27.39,23.99,9.48,12.32,8.43,2010-04-29 00:00:00.000
Ultra Utilities,UPW,MARKET,QUARTER,2026-06-30 00:00:00.000,5.4,-2.68,11.34,11.34,20.64,20.05,12.51,9.6,9.94,2007-02-01 00:00:00.000
Ultra Real Estate,URE,MARKET,QUARTER,2026-06-30 00:00:00.000,1.12,15.86,17.75,17.75,11.61,8.09,-3.28,2.12,-3.16,2007-02-01 00:00:00.000
Ultra S&P 500 Equal Weight,URSP,MARKET,QUARTER,2026-06-30 00:00:00.000,4.1,21.7,20.84,20.84,,,,,,2025-08-27 00:00:00.000
UltraPro Russell2000,URTY,MARKET,QUARTER,2026-06-30 00:00:00.000,9.2,69.77,64.83,64.83,124.15,29.29,-4.92,9.44,14.43,2010-02-11 00:00:00.000
Ultra Semiconductors,USD,MARKET,QUARTER,2026-06-30 00:00:00.000,2.25,117.76,99.07,99.07,183.07,115.22,63.51,61.13,30.12,2007-02-01 00:00:00.000
Ultra 7-10 Year Treasury,UST,MARKET,QUARTER,2026-06-30 00:00:00.000,0.33,-0.75,-1.94,-1.94,1.08,0.54,-6.8,-2.39,2.65,2010-01-21 00:00:00.000
Ultra Russell1000 Value,UVG,MARKET,QUARTER,2014-12-31 00:00:00.000,0.18,9.73,8.54,26.87,26.87,42.01,27.39,,2.16,2007-02-22 00:00:00.000
Ultra Russell2000 Value,UVT,MARKET,QUARTER,2014-12-31 00:00:00.000,3.95,19.37,1.92,8.08,8.08,35.99,23.46,,-0.85,2007-02-22 00:00:00.000
Ultra Russell MidCap Value,UVU,MARKET,QUARTER,2014-12-31 00:00:00.000,3.09,14.1,6.89,32.36,32.36,45.06,31.81,,5.05,2007-02-22 00:00:00.000
Ultra VIX Short-Term Futures ETF,UVXY,MARKET,QUARTER,2026-06-30 00:00:00.000,-13.49,-52.41,-30.73,-30.73,-73.45,-62.24,-67.62,-72.93,-100,2011-10-04 00:00:00.000
Ultra Russell3000,UWC,MARKET,QUARTER,2014-12-31 00:00:00.000,2.53,12.3,13.34,28.05,28.05,42.2,28.34,,35.3,2009-07-02 00:00:00.000
Ultra Russell2000,UWM,MARKET,QUARTER,2026-06-30 00:00:00.000,6.63,44.19,43.33,43.33,80.38,26.25,3.03,13.35,7.64,2007-01-25 00:00:00.000
Ultra Industrials,UXI,MARKET,QUARTER,2026-06-30 00:00:00.000,14.17,28.95,37.36,37.36,48.47,34.93,14.71,20.87,13.91,2007-02-01 00:00:00.000
Ultra MSCI Pacific ex-Japan,UXJ,MARKET,QUARTER,2016-06-30 00:00:00.000,-2.73,-5.77,-4.6,-4.6,-25.64,-5.02,-6.3,,-1.23,2010-04-29 00:00:00.000
Ultra XRP ETF,UXRP,MARKET,QUARTER,2026-06-30 00:00:00.000,-40.93,-46.18,-78.06,-78.06,,,,,,2025-07-15 00:00:00.000
Ultra Financials,UYG,MARKET,QUARTER,2026-06-30 00:00:00.000,8.3,16.71,-6.39,-6.39,-0.25,28.47,10.69,17.13,-0.02,2007-02-01 00:00:00.000
Ultra Materials,UYM,MARKET,QUARTER,2026-06-30 00:00:00.000,-1.48,1.86,21.62,21.62,26.92,8.3,5.6,12.18,4.41,2007-02-01 00:00:00.000
Metaverse ETF,VERS,MARKET,QUARTER,2026-06-30 00:00:00.000,-5.99,42.5,23.41,23.41,43.79,25.28,,,16.77,2022-03-15 00:00:00.000
VIX Mid-Term Futures ETF,VIXM,MARKET,QUARTER,2026-06-30 00:00:00.000,-6.58,-16.33,-6.03,-6.03,-14.38,-11.18,-14.02,-12.17,-18.16,2011-01-04 00:00:00.000
VIX Short-Term Futures ETF,VIXY,MARKET,QUARTER,2026-06-30 00:00:00.000,-8.59,-38.02,-16.97,-16.97,-54.59,-40.26,-46.41,-47.98,-48.95,2011-01-04 00:00:00.000
CDS Short North American HY Credit ETF,WYDE,MARKET,QUARTER,2019-06-30 00:00:00.000,-2.92,-1.88,-5.83,-5.83,-4.75,-5.73,,,-5.15,2014-08-07 00:00:00.000
Ultra Communication Services Select Sector,XCOM,MARKET,QUARTER,2020-09-30 00:00:00.000,-12.01,19.74,74.42,11.05,29.46,,,,28.57,2019-01-16 00:00:00.000
Ultra FTSE China 50,XPP,MARKET,QUARTER,2026-06-30 00:00:00.000,-18.32,-23.16,-34.4,-34.4,-30.6,0.02,-23.44,-7.74,-6.3,2009-06-04 00:00:00.000
Ultra Yen,YCL,MARKET,QUARTER,2026-06-30 00:00:00.000,-3.82,-5.44,-8.81,-8.81,-25.18,-14.1,-19.45,-13.33,-9.47,2008-11-26 00:00:00.000
UltraShort Communication Services Select Sector,YCOM,MARKET,QUARTER,2020-09-30 00:00:00.000,10.86,-20.75,-50.84,-40.14,-49.3,,,,-41.9,2019-01-16 00:00:00.000
UltraShort Yen,YCS,MARKET,QUARTER,2026-06-30 00:00:00.000,4.85,6.87,11.24,11.24,36.83,18.56,23.77,13.55,6.48,2008-11-26 00:00:00.000
Short FTSE China 50,YXI,MARKET,QUARTER,2026-06-30 00:00:00.000,10.18,13.59,20.93,20.93,15.99,-8.4,-0.51,-6.97,-7.58,2010-03-18 00:00:00.000
UltraPro Short Nasdaq Biotechnology,ZBIO,MARKET,QUARTER,2020-03-31 00:00:00.000,-4.3,9.39,-40.45,9.39,-24.31,-33.04,,,-25.11,2015-06-23 00:00:00.000
UltraShort Silver,ZSL,MARKET,QUARTER,2026-06-30 00:00:00.000,52.73,36.78,-42.34,-42.34,-88.07,-66.56,-49.43,-39.97,-41.53,2008-12-03 00:00:00.000
Ultra Silver,AGQ,MARKET,QUARTER,2026-06-30 00:00:00.000,-40.56,-43.09,-56.16,-56.16,43.21,36.15,8.08,3.62,1.77,2008-12-03 00:00:00.000
Morningstar Alternatives Solution ETF,ALTS,MARKET,QUARTER,2022-03-31 00:00:00.000,2.05,-0.1,2.04,-0.1,3.89,3.88,2.35,,1.7,2014-10-09 00:00:00.000
MSCI Transformational Changes ETF,ANEW,MARKET,QUARTER,2026-06-30 00:00:00.000,0.39,13.71,2.83,2.83,3.19,12.78,3.02,,5.29,2020-10-16 00:00:00.000
Bitcoin & Ether Equal Weight ETF,BETE,MARKET,QUARTER,2026-06-30 00:00:00.000,-21.1,-19.93,-41.61,-41.61,-41.29,,,,9.85,2023-10-02 00:00:00.000
Bitcoin & Ether Market Cap Weight ETF,BETH,MARKET,QUARTER,2026-06-30 00:00:00.000,-20.56,-15.89,-36.54,-36.54,-46.32,,,,17.1,2023-10-02 00:00:00.000
Ultra Nasdaq Biotechnology,BIB,MARKET,QUARTER,2026-06-30 00:00:00.000,19.09,23.59,26.28,26.28,120.97,25.78,0.99,10.3,17.57,2010-04-08 00:00:00.000
UltraShort Nasdaq Biotechnology,BIS,MARKET,QUARTER,2026-06-30 00:00:00.000,-17.53,-22.34,-27.13,-27.13,-60.1,-28.68,-16.27,-26.42,-32.71,2010-04-08 00:00:00.000
Short Bitcoin ETF,BITI,MARKET,QUARTER,2026-06-30 00:00:00.000,23.33,13.46,36.94,36.94,62.78,-29.03,,,-35.85,2022-06-21 00:00:00.000
Bitcoin ETF,BITO,MARKET,QUARTER,2026-06-30 00:00:00.000,-20.24,-13.98,-33.98,-33.98,-47.3,16.89,,,-6,2021-10-18 00:00:00.000
Ultra Bitcoin ETF,BITU,MARKET,QUARTER,2026-06-30 00:00:00.000,-38,-30.02,-62.99,-62.99,-78.84,,,,-42.4,2024-04-02 00:00:00.000
Ultra Bloomberg Natural Gas,BOIL,MARKET,QUARTER,2026-06-30 00:00:00.000,-8.62,-14.89,-40.09,-40.09,-70.23,-65.87,-67.38,-58.39,-57.42,2011-10-06 00:00:00.000
S&P 500 Buyback Aristocrats ETF,BUYB,MARKET,QUARTER,2026-06-30 00:00:00.000,3.12,,,4.1,,,,,,2026-05-07 00:00:00.000
UltraShort MSCI Brazil Capped,BZQ,MARKET,QUARTER,2026-06-30 00:00:00.000,6.26,18.99,-22.66,-22.66,-41.77,-20.55,-22.36,-35.28,-29.09,2009-06-18 00:00:00.000
Long Online/Short Stores ETF ,CLIX,MARKET,QUARTER,2026-06-30 00:00:00.000,-5.1,3.41,-8.45,-8.45,6.51,16.9,-7.59,,4.13,2017-11-16 00:00:00.000
UltraShort Bloomberg Commodity,CMD,MARKET,QUARTER,2016-06-30 00:00:00.000,-9.31,-20.22,-23.72,-23.72,20.4,18.13,17.09,,-2.01,2008-11-26 00:00:00.000
USD Covered Bond,COBO,MARKET,QUARTER,2017-06-30 00:00:00.000,-0.47,0.24,2.08,2.08,0.09,1.31,1.45,,1.45,2012-05-23 00:00:00.000
Ultra COIN,COIA,MARKET,QUARTER,2026-06-30 00:00:00.000,-43.33,-39.62,-71.42,-71.42,,,,,,2025-09-10 00:00:00.000
Ultra CRCL,CRCA,MARKET,QUARTER,2026-06-30 00:00:00.000,-73.07,-68.65,-67.79,-67.79,,,,,,2025-08-07 00:00:00.000
UltraShort Australian Dollar,CROC,MARKET,QUARTER,2022-03-31 00:00:00.000,-6.13,-6.32,-7.74,-6.32,0.34,-5.89,-1.54,,1.3,2012-07-19 00:00:00.000
Large Cap Core Plus,CSM,MARKET,QUARTER,2026-06-30 00:00:00.000,-1.84,14.21,7.54,7.54,22.31,20.02,12.72,14.25,14.84,2009-07-15 00:00:00.000
S&P Kensho Cleantech ETF,CTEX,MARKET,QUARTER,2026-06-30 00:00:00.000,-7.67,28.31,25.1,25.1,113.8,10.02,,,2.67,2021-09-29 00:00:00.000
Big Data Refiners ETF,DAT,MARKET,QUARTER,2026-06-30 00:00:00.000,-5.17,23.5,-7.16,-7.16,-9.28,13.62,,,1.11,2021-09-29 00:00:00.000
Short Oil & Gas,DDG,MARKET,QUARTER,2022-03-31 00:00:00.000,-9.93,-29.27,-35.15,-29.27,-44.13,-23.27,-15.17,-10.66,-10.88,2008-06-12 00:00:00.000
Ultra Dow30,DDM,MARKET,QUARTER,2026-06-30 00:00:00.000,4.86,26.23,15.9,15.9,35.14,26.03,13.6,20.06,14.51,2006-06-21 00:00:00.000
Ultra Energy,DIG,MARKET,QUARTER,2026-06-30 00:00:00.000,-10.77,-26.06,37.21,37.21,50.78,14.13,24.52,2.69,-0.95,2007-02-01 00:00:00.000
Short Dow30,DOG,MARKET,QUARTER,2026-06-30 00:00:00.000,-2.41,-10.8,-6.87,-6.87,-12.46,-8.79,-5.98,-11.34,-10.46,2006-06-21 00:00:00.000
UltraShort Energy,DUG,MARKET,QUARTER,2026-06-30 00:00:00.000,10.3,27.68,-33.62,-33.62,-41.38,-22.85,-36.22,-30.62,-29.4,2007-02-01 00:00:00.000
UltraShort Dow30,DXD,MARKET,QUARTER,2026-06-30 00:00:00.000,-4.88,-21.31,-15.12,-15.12,-26.76,-21.55,-15.87,-24.92,-23.15,2006-07-13 00:00:00.000
Ultra MSCI Emerging Markets,EET,MARKET,QUARTER,2026-06-30 00:00:00.000,-1.39,40.87,46.93,46.93,86.88,35.97,3.54,10.16,4.67,2009-06-04 00:00:00.000
Ether ETF,EETH,MARKET,QUARTER,2026-06-30 00:00:00.000,-22.02,-25.72,-48.05,-48.05,-39.66,,,,-8.01,2023-10-02 00:00:00.000
UltraShort MSCI Emerging Markets,EEV,MARKET,QUARTER,2026-06-30 00:00:00.000,-3.39,-35.52,-41.93,-41.93,-55.04,-33.92,-15.85,-23.58,-25.85,2007-11-01 00:00:00.000
MSCI EAFE Dividend Growers ETF,EFAD,MARKET,QUARTER,2026-06-30 00:00:00.000,0.11,5.57,3.78,3.78,2.53,7.68,1.15,4.37,2.91,2014-08-21 00:00:00.000
Ultra MSCI EAFE,EFO,MARKET,QUARTER,2026-06-30 00:00:00.000,0.91,15.52,15.42,15.42,32.12,23.15,8.65,11.26,8.35,2009-06-04 00:00:00.000
UltraShort MSCI EAFE,EFU,MARKET,QUARTER,2026-06-30 00:00:00.000,-1.26,-15.71,-18.13,-18.13,-29.08,-23.81,-16.36,-20,-19.04,2007-10-25 00:00:00.000
Short MSCI EAFE,EFZ,MARKET,QUARTER,2026-06-30 00:00:00.000,-0.52,-7.56,-8.08,-8.08,-13.54,-9.81,-6,-8.56,-7.48,2007-10-25 00:00:00.000
MSCI Emerging Markets Dividend Growers ETF,EMDV,MARKET,QUARTER,2026-06-30 00:00:00.000,-4.2,-1.21,-3.11,-3.11,0.48,1.37,-3.45,2.01,3.66,2016-01-27 00:00:00.000
Short Term USD Emerging Markets Bond ETF,EMSH,MARKET,QUARTER,2022-03-31 00:00:00.000,-3.13,-7.56,-8.42,-7.56,-7.22,-1.52,-0.27,,1.61,2013-11-21 00:00:00.000
Decline of the Retail Store ETF ,EMTY,MARKET,QUARTER,2026-06-30 00:00:00.000,0.03,1.42,-0.73,-0.73,-1.55,-3.42,-2.61,,-11.33,2017-11-16 00:00:00.000
UltraShort FTSE Europe ,EPV,MARKET,QUARTER,2026-06-30 00:00:00.000,-1.4,-16.1,-15.17,-15.17,-26.85,-24.69,-19.19,-22.87,-25.5,2009-06-18 00:00:00.000
Equities for Rising Rates ETF,EQRR,MARKET,QUARTER,2026-06-30 00:00:00.000,4.32,17.8,27.67,27.67,39.33,20.76,13.22,,10.7,2017-07-25 00:00:00.000
UltraShort Ether ETF,ETHD,MARKET,QUARTER,2026-06-30 00:00:00.000,44.35,47.86,92.07,92.07,-33.5,,,,-42.14,2024-06-07 00:00:00.000
Ultra Ether ETF,ETHT,MARKET,QUARTER,2026-06-30 00:00:00.000,-42.52,-49.86,-79.97,-79.97,-80.55,,,,-79.29,2024-06-07 00:00:00.000
MSCI Europe Dividend Growers ETF,EUDV,MARKET,QUARTER,2026-06-30 00:00:00.000,-0.98,4.33,2.48,2.48,-0.79,7.76,2.36,5.39,4.72,2015-09-10 00:00:00.000
Short Euro,EUFX,MARKET,QUARTER,2022-03-31 00:00:00.000,1.07,2.81,4.58,2.81,6.13,1.31,0.84,,1.48,2012-06-27 00:00:00.000
Short MSCI Emerging Markets,EUM,MARKET,QUARTER,2026-06-30 00:00:00.000,-1.05,-18.47,-21.72,-21.72,-30.4,-15.9,-5.44,-10.11,-9.88,2007-11-01 00:00:00.000
UltraShort Euro,EUO,MARKET,QUARTER,2026-06-30 00:00:00.000,4.61,3.45,8.08,8.08,11.43,1.7,5.15,2.33,1.16,2008-11-26 00:00:00.000
UltraShort MSCI Japan,EWV,MARKET,QUARTER,2026-06-30 00:00:00.000,-2.68,-20.39,-28.69,-28.69,-42.44,-28.44,-18.47,-20.47,-18.73,2007-11-08 00:00:00.000
Ultra MSCI Japan,EZJ,MARKET,QUARTER,2026-06-30 00:00:00.000,0.55,19.88,26.86,26.86,51.54,25.12,8.36,10.98,7.84,2009-06-04 00:00:00.000
S&P 500 Dynamic Buffer ETF,FB,MARKET,QUARTER,2026-06-30 00:00:00.000,0.49,5.66,6.52,6.52,12.1,,,,13.19,2025-06-26 00:00:00.000
Short 30 Year TIPS/TSY Spread,FINF,MARKET,QUARTER,2014-12-31 00:00:00.000,2.02,5.86,11.55,11.37,11.37,,,,3.78,2012-01-12 00:00:00.000
UltraPro Financial Select Sector,FINU,MARKET,QUARTER,2020-03-31 00:00:00.000,-64.88,-78.47,-71.88,-78.47,-65.13,-28.25,-9.89,,12.66,2012-07-12 00:00:00.000
UltraPro Short Financial Select Sector,FINZ,MARKET,QUARTER,2020-03-31 00:00:00.000,-3.16,46.41,7.64,46.41,-23.4,-24.77,-32.48,,-39.98,2012-07-12 00:00:00.000
Managed Futures Strategy ETF,FUT,MARKET,QUARTER,2022-03-31 00:00:00.000,3.48,5.6,2.01,5.6,1.08,2.09,1.38,,1.18,2016-02-18 00:00:00.000
Managed Futures Strategy (Fund Closing),FUTS,MARKET,QUARTER,2016-03-31 00:00:00.000,-3.05,-3.61,-3.84,-3.61,-6.93,,,,0.03,2014-10-02 00:00:00.000
UltraShort FTSE China 50,FXP,MARKET,QUARTER,2026-06-30 00:00:00.000,21.37,26.02,40.89,40.89,26.64,-25,-12.96,-20.86,-27.19,2007-11-08 00:00:00.000
Ultra Australian Dollar,GDAY,MARKET,QUARTER,2015-06-30 00:00:00.000,1.89,4.46,-7.84,-7.84,-29.09,,,,-14.39,2012-07-19 00:00:00.000
Ultra Junior Miners,GDJJ,MARKET,QUARTER,2017-06-30 00:00:00.000,10.13,-16.77,-0.9,-0.9,-49.3,,,,-5.06,2015-02-13 00:00:00.000
UltraShort Junior Miners,GDJS,MARKET,QUARTER,2016-06-30 00:00:00.000,-41.27,-67.24,-87.84,-87.84,-87.89,,,,-77.95,2015-02-13 00:00:00.000
UltraShort Gold Miners,GDXS,MARKET,QUARTER,2019-06-30 00:00:00.000,-29.51,-25.77,-35.79,-35.79,-35.7,-18.04,,,-38.94,2015-02-13 00:00:00.000
Ultra Gold Miners,GDXX,MARKET,QUARTER,2019-06-30 00:00:00.000,38.1,26.41,39.32,39.32,18.18,-15.52,,,-6.8,2015-02-13 00:00:00.000
German Sovereign/Sub-Sovereign ETF,GGOV,MARKET,QUARTER,2017-06-30 00:00:00.000,1.2,4.25,6.13,6.13,-0.75,-5.11,-0.26,,-0.69,2012-01-26 00:00:00.000
UltraShort Gold,GLL,MARKET,QUARTER,2026-06-30 00:00:00.000,26.25,33.7,3.17,3.17,-39.4,-38.47,-27.93,-20.86,-21.73,2008-12-03 00:00:00.000
Ultra Homebuilders & Supplies,HBU,MARKET,QUARTER,2016-06-30 00:00:00.000,-0.83,6.44,-2.3,-2.3,-7.67,,,,-7.56,2015-06-23 00:00:00.000
UltraShort Homebuilders & Supplies,HBZ,MARKET,QUARTER,2016-06-30 00:00:00.000,2.65,-4.33,-9.67,-9.67,-15.32,,,,-15.01,2015-06-23 00:00:00.000
Hedge Replication ETF,HDG,MARKET,QUARTER,2026-06-30 00:00:00.000,0.87,6.72,7.24,7.24,13.24,7.55,3.15,4.03,3,2011-07-14 00:00:00.000
Hedged FTSE Europe ETF,HGEU,MARKET,QUARTER,2017-06-30 00:00:00.000,-2.22,2.73,10.24,10.24,27.12,,,,5.47,2015-06-25 00:00:00.000
Hedged FTSE Japan ETF,HGJP,MARKET,QUARTER,2017-06-30 00:00:00.000,2.96,6.39,6.5,6.5,31.43,,,,-1.89,2015-06-25 00:00:00.000
High Yield—Interest Rate Hedged,HYHG,MARKET,QUARTER,2026-06-30 00:00:00.000,0.45,3.54,3.55,3.55,7.16,9.1,6.93,6.24,4.24,2013-05-23 00:00:00.000
Investment Grade—Interest Rate Hedged,IGHG,MARKET,QUARTER,2026-06-30 00:00:00.000,-0.25,2.18,2.04,2.04,5.23,7.91,5.12,4.87,3.74,2013-11-07 00:00:00.000
Short Investment Grade Corporate,IGS,MARKET,QUARTER,2016-06-30 00:00:00.000,-3.18,-6.27,-8.63,-8.63,-10.24,-7.84,-7.89,,-7.97,2011-03-29 00:00:00.000
Ultra Investment Grade Corporate,IGU,MARKET,QUARTER,2016-06-30 00:00:00.000,1.66,4.48,12.65,12.65,13.24,9.54,9.71,,10,2011-04-14 00:00:00.000
S&P Global Core Battery Metals ETF,ION,MARKET,QUARTER,2026-06-30 00:00:00.000,-15.32,-9.76,-1.19,-1.19,78.17,13.08,,,8.88,2022-11-30 00:00:00.000
GENIUS Money Market ETF,IQMM,MARKET,QUARTER,2026-06-30 00:00:00.000,0.29,0.88,,1.29,,,,,,2026-02-19 00:00:00.000
Nasdaq-100 High Income ETF,IQQQ,MARKET,QUARTER,2026-06-30 00:00:00.000,-0.29,24.09,17.43,17.43,30.66,,,,22.24,2024-03-20 00:00:00.000
S&P 500 High Income ETF,ISPY,MARKET,QUARTER,2026-06-30 00:00:00.000,-1.2,13.2,8.58,8.58,19.07,,,,17.51,2023-12-20 00:00:00.000
Russell 2000 High Income ETF,ITWO,MARKET,QUARTER,2026-06-30 00:00:00.000,4.35,21.59,23.52,23.52,40.3,,,,22.88,2024-09-05 00:00:00.000
UltraShort MSCI Pacific ex-Japan,JPX,MARKET,QUARTER,2016-06-30 00:00:00.000,-2.63,-2.46,-9.02,-9.02,-3.57,-11.17,-14.25,,-26.83,2009-06-18 00:00:00.000
UltraShort Bloomberg Natural Gas,KOLD,MARKET,QUARTER,2026-06-30 00:00:00.000,5.35,4.33,-35.78,-35.78,-11.56,-6.52,-35.6,-23.74,-13.05,2011-10-06 00:00:00.000
Short S&P Regional Banking,KRS,MARKET,QUARTER,2017-06-30 00:00:00.000,-6.98,-2.53,-2.53,-2.53,-37.08,-17.77,-18.72,,-16.78,2010-04-22 00:00:00.000
Ultra S&P Regional Banking,KRU,MARKET,QUARTER,2017-06-30 00:00:00.000,14.43,1.51,-3.66,-3.66,113.25,21.96,29.06,,15.08,2010-04-22 00:00:00.000
CoinDesk 20 Crypto ETF,KRYP,MARKET,QUARTER,2026-06-30 00:00:00.000,-20.37,-20.25,,-33.64,,,,,,2026-02-04 00:00:00.000
Ultra Communication Services,LTL,MARKET,QUARTER,2026-06-30 00:00:00.000,-14.03,-7.48,-19.34,-19.34,-7.52,29.77,14.82,6.89,6.85,2008-03-27 00:00:00.000
S&P Kensho Smart Factories ETF,MAKX,MARKET,QUARTER,2026-06-30 00:00:00.000,4.68,43.06,48.39,48.39,62.51,26.77,,,14.2,2021-09-29 00:00:00.000
Merger ETF,MRGR,MARKET,QUARTER,2026-06-30 00:00:00.000,0.57,1.01,2.51,2.51,11.53,8.8,4.19,3.62,2.2,2012-12-13 00:00:00.000
Ultra MidCap400,MVV,MARKET,QUARTER,2026-06-30 00:00:00.000,6.71,28.62,32.44,32.44,45.97,20.63,8.21,14.31,11.88,2006-06-21 00:00:00.000
Short MidCap400,MYY,MARKET,QUARTER,2026-06-30 00:00:00.000,-3.23,-11.93,-13.34,-13.34,-17.12,-9.36,-6.56,-11.35,-11.84,2006-06-21 00:00:00.000
UltraShort MidCap400,MZZ,MARKET,QUARTER,2026-06-30 00:00:00.000,-6.77,-23.08,-26.67,-26.67,-34.6,-22.65,-17.76,-25.57,-26.33,2006-07-13 00:00:00.000
S&P 500 Dividend Aristocrats ETF,NOBL,MARKET,QUARTER,2026-06-30 00:00:00.000,5.23,6.53,9.05,9.05,14.01,8.33,6.6,9.84,10.72,2013-10-10 00:00:00.000
Ultra NVDA,NVDB,MARKET,QUARTER,2026-06-30 00:00:00.000,-13.06,23.3,0.75,0.75,,,,,,2025-09-10 00:00:00.000
UltraPro 3x Short Crude Oil ETF,OILD,MARKET,QUARTER,2020-03-31 00:00:00.000,89.47,328.36,169.76,328.36,120,-18.68,,,-23.06,2017-03-27 00:00:00.000
K-1 Free Crude Oil ETF,OILK,MARKET,QUARTER,2026-06-30 00:00:00.000,-12.53,-6.53,36.57,36.57,29.42,12.12,12.26,,2.29,2016-09-28 00:00:00.000
UltraPro 3x Crude Oil ETF,OILU,MARKET,QUARTER,2020-03-31 00:00:00.000,-97.37,-99,-98.61,-99,-99.2,-80.55,,,-79.26,2017-03-27 00:00:00.000
On-Demand ETF,OND,MARKET,QUARTER,2026-06-30 00:00:00.000,-1.22,4.1,-15.55,-15.55,-19.04,14.2,,,-2.8,2021-10-26 00:00:00.000
Online Retail ETF,ONLN,MARKET,QUARTER,2026-06-30 00:00:00.000,-5.21,2.34,-7.96,-7.96,7.56,18.73,-7.47,,4.22,2018-07-16 00:00:00.000
Pet Care ETF,PAWZ,MARKET,QUARTER,2026-06-30 00:00:00.000,0.08,-6.37,-12,-12,-16.73,-1.23,-9.46,,2.87,2018-11-06 00:00:00.000
Global Listed Private Equity ETF,PEX,MARKET,QUARTER,2026-06-30 00:00:00.000,-1.22,3.2,-11.23,-11.23,-15.04,3.54,-0.41,4.89,5.1,2013-02-28 00:00:00.000
Ultra PLTR,PLTA,MARKET,QUARTER,2026-06-30 00:00:00.000,-46.74,-43.12,-65.72,-65.72,,,,,,2025-09-10 00:00:00.000
Short QQQ,PSQ,MARKET,QUARTER,2026-06-30 00:00:00.000,-0.04,-21.46,-15.88,-15.88,-22.63,-17.79,-13.46,-19.31,-16.81,2006-06-21 00:00:00.000
UltraShort 7-10 Year Treasury,PST,MARKET,QUARTER,2026-06-30 00:00:00.000,0.03,1.81,3.92,3.92,3.85,4.47,9.35,2.81,-5.23,2008-05-01 00:00:00.000
Nasdaq-100 Dynamic Buffer ETF,QB,MARKET,QUARTER,2026-06-30 00:00:00.000,0.53,8.89,11.31,11.31,17.33,,,,17.98,2025-06-26 00:00:00.000
UltraShort QQQ,QID,MARKET,QUARTER,2026-06-30 00:00:00.000,-1.25,-39.6,-31.79,-31.79,-43.92,-37.65,-30.89,-39.06,-34.95,2006-07-13 00:00:00.000
Ultra QQQ,QLD,MARKET,QUARTER,2026-06-30 00:00:00.000,-1.66,58.73,37.54,37.54,64.65,44.64,22.17,36.24,25.93,2006-06-21 00:00:00.000
UltraShort QQQ Mega,QQDN,MARKET,QUARTER,2026-06-30 00:00:00.000,19.03,-24.76,-5.45,-5.45,-31.84,,,,-36.05,2025-06-12 00:00:00.000
Nasdaq-100 Dorsey Wright Momentum ETF,QQQA,MARKET,QUARTER,2026-06-30 00:00:00.000,10.76,68.18,70.57,70.57,89.49,33.99,14.82,,16.11,2021-05-20 00:00:00.000
Ultra QQQ Mega,QQUP,MARKET,QUARTER,2026-06-30 00:00:00.000,-17.93,27.9,-2.08,-2.08,28.7,,,,38.7,2025-06-12 00:00:00.000
Ultra QQQ Top 30,QQXL,MARKET,QUARTER,2026-06-30 00:00:00.000,-3.12,62.18,38.65,38.65,,,,,,2025-08-15 00:00:00.000
RAFI Long/Short,RALS,MARKET,QUARTER,2022-03-31 00:00:00.000,-0.84,4.65,3.2,4.65,-1.01,-1.47,-2.13,-0.07,-0.49,2010-12-09 00:00:00.000
Russell 2000 Dynamic Buffer ETF,RB,MARKET,QUARTER,2026-06-30 00:00:00.000,0.38,3.62,7.42,7.42,18.92,,,,19.2,2025-06-26 00:00:00.000
S&P MidCap 400 Dividend Aristocrats ETF,REGL,MARKET,QUARTER,2026-06-30 00:00:00.000,4.52,6.51,9.94,9.94,14.96,11.91,7.71,9.53,9.91,2015-02-05 00:00:00.000
Short Real Estate,REK,MARKET,QUARTER,2026-06-30 00:00:00.000,-0.73,-7.28,-8.02,-8.02,-4.51,-3.26,-0.49,-5.87,-9.83,2010-03-18 00:00:00.000
UltraShort Technology,REW,MARKET,QUARTER,2026-06-30 00:00:00.000,-3.41,-54.02,-47.46,-47.46,-59.4,-45.39,-38.47,-45.2,-36.84,2007-02-01 00:00:00.000
Inflation Expectations ETF,RINF,MARKET,QUARTER,2026-06-30 00:00:00.000,-1.11,2.1,1.31,1.31,2.1,3.93,5.28,4.73,0.84,2012-01-12 00:00:00.000
Ultra Technology,ROM,MARKET,QUARTER,2026-06-30 00:00:00.000,-2.36,97.96,64.63,64.63,104.12,51.35,26.51,42.16,24.9,2007-02-01 00:00:00.000
Short Russell2000,RWM,MARKET,QUARTER,2026-06-30 00:00:00.000,-3.54,-17.21,-17.64,-17.64,-26.99,-12.67,-5.84,-12.28,-12.24,2007-01-25 00:00:00.000
UltraShort Health Care,RXD,MARKET,QUARTER,2026-06-30 00:00:00.000,-12.18,-15.51,-5.35,-5.35,-27.93,-8.73,-8.27,-20.08,-22.68,2007-02-01 00:00:00.000
Ultra Health Care,RXL,MARKET,QUARTER,2026-06-30 00:00:00.000,13.13,16.16,3.12,3.12,32.61,7.31,3.44,13.32,14.57,2007-02-01 00:00:00.000
Ultra SmallCap600,SAA,MARKET,QUARTER,2026-06-30 00:00:00.000,14.64,40.76,47.36,47.36,73.01,21.11,4.33,13.25,9.7,2007-01-25 00:00:00.000
Short SmallCap600,SBB,MARKET,QUARTER,2026-06-30 00:00:00.000,-6.35,-15.71,-18.15,-18.15,-24.58,-11,-5.95,-12.43,-12.55,2007-01-25 00:00:00.000
UltraShort Bitcoin ETF,SBIT,MARKET,QUARTER,2026-06-30 00:00:00.000,48.54,23.02,63.74,63.74,109.02,,,,-36.3,2024-04-02 00:00:00.000
Short Basic Materials,SBM,MARKET,QUARTER,2022-03-31 00:00:00.000,-8.55,-4.49,-18.07,-4.49,-19.41,-22.31,-15.34,-12.9,-13.35,2010-03-18 00:00:00.000
UltraShort Consumer Discretionary,SCC,MARKET,QUARTER,2026-06-30 00:00:00.000,5.43,-14.57,2.05,2.05,-15.01,-21.82,-15.08,-25.64,-26.05,2007-02-01 00:00:00.000
UltraShort Bloomberg Crude Oil,SCO,MARKET,QUARTER,2026-06-30 00:00:00.000,27.39,5.23,-55.35,-55.35,-51.52,-30.16,-37.33,-36.46,-24.57,2008-11-26 00:00:00.000
UltraPro Short Communication Services Select Sector,SCOM,MARKET,QUARTER,2020-03-31 00:00:00.000,4.58,22.86,-4.94,22.86,-25.78,,,,-32,2019-01-16 00:00:00.000
UltraShort SmallCap600,SDD,MARKET,QUARTER,2026-06-30 00:00:00.000,-13.34,-29.8,-34.68,-34.68,-46.52,-26.08,-17.58,-28.25,-28.4,2007-01-25 00:00:00.000
UltraShort Russell MidCap Growth,SDK,MARKET,QUARTER,2014-12-31 00:00:00.000,-3.49,-13.61,-14.73,-28,-28,-36.34,-35.31,,-28.45,2007-02-22 00:00:00.000
UltraPro Short Dow30,SDOW,MARKET,QUARTER,2026-06-30 00:00:00.000,-7.54,-30.75,-23.17,-23.17,-39.28,-33.32,-26.15,-38.3,-38.31,2010-02-11 00:00:00.000
UltraShort Utilities,SDP,MARKET,QUARTER,2026-06-30 00:00:00.000,-5.76,0.95,-13.31,-13.31,-20.24,-21.15,-18.45,-20.54,-21.76,2007-02-01 00:00:00.000
UltraShort S&P500,SDS,MARKET,QUARTER,2026-06-30 00:00:00.000,2.32,-23.64,-15.63,-15.63,-28.57,-26.76,-21.18,-27.54,-24.95,2006-07-13 00:00:00.000
Short Financials,SEF,MARKET,QUARTER,2026-06-30 00:00:00.000,-3.8,-7.11,3.36,3.36,0.73,-11.12,-6.67,-12.13,-13.77,2008-06-12 00:00:00.000
Short Ether ETF,SETH,MARKET,QUARTER,2026-06-30 00:00:00.000,23.09,26.36,56.03,56.03,6.88,,,,-26.76,2023-11-02 00:00:00.000
UltraShort Russell1000 Growth,SFK,MARKET,QUARTER,2014-12-31 00:00:00.000,0.35,-10.15,-15.66,-29.65,-29.65,-34.81,-31.98,,-24.93,2007-02-22 00:00:00.000
Short S&P500,SH,MARKET,QUARTER,2026-06-30 00:00:00.000,1.38,-12.12,-7.04,-7.04,-13.51,-11.77,-8.71,-12.83,-11.39,2006-06-21 00:00:00.000
UltraShort Industrials,SIJ,MARKET,QUARTER,2026-06-30 00:00:00.000,-13.62,-25.28,-31.09,-31.09,-36.53,-29.82,-20.88,-28.58,-27.57,2007-02-01 00:00:00.000
UltraPro Short 10 Year TIPS/TSY Spread,SINF,MARKET,QUARTER,2014-12-31 00:00:00.000,9.16,10.36,21.62,14.37,14.37,,,,7.08,2012-02-09 00:00:00.000
Short High Yield,SJB,MARKET,QUARTER,2026-06-30 00:00:00.000,0.17,-1.19,0.58,0.58,0.5,-1.91,-0.34,-3.7,-5.1,2011-03-22 00:00:00.000
UltraShort Russell1000 Value,SJF,MARKET,QUARTER,2014-12-31 00:00:00.000,-1.39,-9.09,-16.13,-27.9,-27.9,-35.28,-31.92,,-23.42,2007-02-22 00:00:00.000
UltraShort Russell2000 Value,SJH,MARKET,QUARTER,2014-12-31 00:00:00.000,-6.15,-17.39,-6.73,-15.6,-15.6,-34.35,-35.19,,-29.44,2007-02-22 00:00:00.000
UltraShort Russell MidCap Value,SJL,MARKET,QUARTER,2014-12-31 00:00:00.000,-7.87,-11.03,-13.13,-31.1,-31.1,-37.26,-35.62,,-27.66,2007-02-22 00:00:00.000
UltraShort Financials,SKF,MARKET,QUARTER,2026-06-30 00:00:00.000,-7.75,-14.64,3.86,3.86,-3.27,-25.68,-17.74,-26.94,-27.84,2007-02-01 00:00:00.000
UltraShort Russell2000 Growth,SKK,MARKET,QUARTER,2014-12-31 00:00:00.000,-8.31,-21.64,-15.97,-22.6,-22.6,-38.69,-39.36,,-32.43,2007-02-22 00:00:00.000
Ultra Nasdaq Cloud Computing ,SKYU,MARKET,QUARTER,2026-06-30 00:00:00.000,-14.61,44.95,-1.2,-1.2,7.52,28.62,-4.37,,-1.62,2021-01-21 00:00:00.000
Ultra Solana ETF,SLON,MARKET,QUARTER,2026-06-30 00:00:00.000,-24.39,-29.13,-74.61,-74.61,,,,,,2025-07-15 00:00:00.000
UltraPro Short MidCap400,SMDD,MARKET,QUARTER,2026-06-30 00:00:00.000,-10.47,-33.62,-38.95,-38.95,-49.93,-37.13,-31.11,-40.59,-42.83,2010-02-11 00:00:00.000
Russell 2000 Dividend Growers ETF,SMDV,MARKET,QUARTER,2026-06-30 00:00:00.000,6.71,12.59,17.82,17.82,21.44,12.25,6.67,7.54,8.33,2015-02-05 00:00:00.000
UltraShort MSCI Mexico Capped IMI,SMK,MARKET,QUARTER,2017-06-30 00:00:00.000,-9.04,-10.1,-36.39,-36.39,-28.13,-4.48,-12.64,,-27.8,2009-06-18 00:00:00.000
UltraShort Materials,SMN,MARKET,QUARTER,2026-06-30 00:00:00.000,-0.01,-5.14,-22.36,-22.36,-28.07,-13.58,-16.2,-25.22,-27.85,2007-02-01 00:00:00.000
UltraShort Oil & Gas Exploration & Production,SOP,MARKET,QUARTER,2017-06-30 00:00:00.000,3.17,28.59,54.99,54.99,-11.19,,,,-10.24,2015-06-23 00:00:00.000
Ultra SpaceX,SPCF,NAV,QUARTER,2026-06-30 00:00:00.000,,,,2.91,,,,,,2026-06-15 00:00:00.000
S&P 500 Bond ETF,SPXBOLD,NAV,QUARTER,2024-03-31 00:00:00.000,1.4,-0.78,8.12,-0.78,3.87,-2.16,1.37,,2.23,2018-05-03 00:00:00.000
S&P 500 Ex-Energy ETF,SPXE,NAV,QUARTER,2026-06-30 00:00:00.000,-0.82,16.35,9.86,9.86,21.97,20.77,13.07,15.67,15.42,2015-09-24 00:00:00.000
S&P 500 Ex-Financials ETF,SPXN,NAV,QUARTER,2026-06-30 00:00:00.000,-1.68,16.22,11.9,11.9,25.5,21.02,14.02,15.8,15.7,2015-09-24 00:00:00.000
S&P 500 Ex-Technology ETF,SPXT,NAV,QUARTER,2026-06-30 00:00:00.000,0.51,7.04,5.08,5.08,14.61,15.74,9.55,11.56,11.61,2015-09-24 00:00:00.000
UltraPro Short S&P500,SPXU,NAV,QUARTER,2026-06-30 00:00:00.000,2.72,-34.07,-24.28,-24.28,-41.95,-40.58,-33.97,-41.74,-42.82,2009-06-25 00:00:00.000
S&P 500 Ex-Health Care ETF,SPXV,NAV,QUARTER,2026-06-30 00:00:00.000,-1.64,15.82,10.84,10.84,22.42,22.13,14.15,15.99,15.84,2015-09-24 00:00:00.000
UltraPro Short QQQ,SQQQ,NAV,QUARTER,2026-06-30 00:00:00.000,-3.38,-54.17,-45.87,-45.87,-60.59,-54.46,-47.51,-56.23,-53.38,2010-02-11 00:00:00.000
UltraShort Real Estate,SRS,NAV,QUARTER,2026-06-30 00:00:00.000,-1.99,-14.99,-17.39,-17.39,-13.04,-12.13,-6.66,-15.98,-28.3,2007-02-01 00:00:00.000
UltraPro Short Russell2000,SRTY,NAV,QUARTER,2026-06-30 00:00:00.000,-11.38,-45.48,-48.56,-48.56,-67.1,-46.09,-32.21,-44.46,-45.99,2010-02-11 00:00:00.000
UltraShort Semiconductors,SSG,NAV,QUARTER,2026-06-30 00:00:00.000,-13.04,-61.8,-62.45,-62.45,-77.32,-74.15,-66.42,-62.19,-49.26,2007-02-01 00:00:00.000
Ultra S&P500,SSO,NAV,QUARTER,2026-06-30 00:00:00.000,-2.63,30.22,16.95,16.95,39.02,33.36,18.39,23.96,15.82,2006-06-21 00:00:00.000
Supply Chain Logistics ETF,SUPL,NAV,QUARTER,2026-06-30 00:00:00.000,-1.15,8.49,14.92,14.92,23.29,9.3,,,7.19,2022-04-05 00:00:00.000
Short VIX Short-Term Futures ETF,SVXY,NAV,QUARTER,2026-06-30 00:00:00.000,3.6,25.1,3.24,3.24,34.38,10.59,15.55,1.4,12.57,2011-10-04 00:00:00.000
UltraShort Consumer Staples,SZK,NAV,QUARTER,2026-06-30 00:00:00.000,-1.6,-3.28,-13.36,-13.36,-4.59,-5,-3.51,-15.94,-19.48,2007-02-01 00:00:00.000
Short 20+ Year Treasury,TBF,NAV,QUARTER,2026-06-30 00:00:00.000,-0.72,0.48,1.72,1.72,3.03,7.7,10.56,3.1,-3.25,2009-08-20 00:00:00.000
UltraShort 20+ Year Treasury,TBT,NAV,QUARTER,2026-06-30 00:00:00.000,-1.76,0.11,1.69,1.69,2.27,10.1,16.55,2.74,-9.93,2008-05-01 00:00:00.000
Short 7-10 Year Treasury,TBX,NAV,QUARTER,2026-06-30 00:00:00.000,0.22,1.3,2.84,2.84,3.46,4.21,6.09,2.14,-1.11,2011-04-05 00:00:00.000
UltraShort 3-7 Year Treasury,TBZ,NAV,QUARTER,2017-06-30 00:00:00.000,0.77,-1.44,-2.7,-2.7,3.03,-4.9,-4.02,,-6.32,2011-04-05 00:00:00.000
S&P Technology Dividend Aristocrats ETF,TDV,NAV,QUARTER,2026-06-30 00:00:00.000,-0.06,22.85,20.7,20.7,26.3,17.6,13.35,,16.91,2019-11-07 00:00:00.000
Smart Materials ETF,TINT,NAV,QUARTER,2026-06-30 00:00:00.000,-5.64,12.94,19.72,19.72,32.86,7.42,,,1.11,2021-10-26 00:00:00.000
Nanotechnology ETF,TINY,NAV,QUARTER,2026-06-30 00:00:00.000,15.43,54.49,80.27,80.27,118.84,34.17,,,20.82,2021-10-26 00:00:00.000
UltraShort Telecommunications,TLL,NAV,QUARTER,2015-06-30 00:00:00.000,3.49,3.06,-6.46,-6.46,-5.89,-26.61,-28.35,,-26.98,2008-03-27 00:00:00.000
Russell U.S. Dividend Growers ETF,TMDV,NAV,QUARTER,2026-06-30 00:00:00.000,5.5,6.69,10.94,10.94,12.98,5.98,4.27,,6.49,2019-11-07 00:00:00.000
DJ Brookfield Global Infrastructure ETF,TOLZ,NAV,QUARTER,2026-06-30 00:00:00.000,-0.13,-0.25,11.1,11.1,13.34,13.74,8.73,7.36,6.8,2014-03-27 00:00:00.000
UltraShort TIPS,TPS,NAV,QUARTER,2017-06-30 00:00:00.000,2.05,1.12,-1.27,-1.27,1.49,-2.04,-1.6,,-7.03,2011-02-10 00:00:00.000
UltraPro QQQ,TQQQ,NAV,QUARTER,2026-06-30 00:00:00.000,-3.81,94.78,54.62,54.62,96.7,59.94,22.72,45.5,44.36,2010-02-11 00:00:00.000
Ultra TSLA,TSLI,NAV,QUARTER,2026-06-30 00:00:00.000,-10.22,17.5,-24.78,-24.78,,,,,,2025-09-10 00:00:00.000
UltraPro Short 20+ Year Treasury,TTT,NAV,QUARTER,2026-06-30 00:00:00.000,-2.88,-0.52,1.11,1.11,0.54,9.52,19.05,-0.2,-9.95,2012-03-29 00:00:00.000
UltraShort Russell2000,TWM,NAV,QUARTER,2026-06-30 00:00:00.000,-7.37,-32.52,-34.27,-34.27,-50.1,-30.04,-18.25,-28.37,-28.35,2007-01-25 00:00:00.000
UltraShort Russell3000,TWQ,NAV,QUARTER,2014-12-31 00:00:00.000,-0.7,-11.34,-12.18,-24.99,-24.99,-34.8,-31.94,,-35.28,2009-07-02 00:00:00.000
CDS North American HY Credit ETF,TYTE,NAV,QUARTER,2016-03-31 00:00:00.000,4.23,2.92,5.34,2.92,2.53,,,,3.31,2014-08-07 00:00:00.000
UltraPro Nasdaq Biotechnology,UBIO,NAV,QUARTER,2020-03-31 00:00:00.000,-34.16,-45.73,-6.41,-45.73,-39.3,-13.76,,,-30.37,2015-06-23 00:00:00.000
Ultra MSCI Brazil Capped,UBR,NAV,QUARTER,2026-06-30 00:00:00.000,-6.72,-19.92,12.26,12.26,37.87,3.16,-4.75,-3.87,-13.77,2010-04-29 00:00:00.000
Ultra 20+ Year Treasury,UBT,NAV,QUARTER,2026-06-30 00:00:00.000,1.91,0.36,-1.14,-1.14,-0.63,-9.96,-18.62,-8.78,0.94,2010-01-21 00:00:00.000
Ultra Consumer Discretionary,UCC,NAV,QUARTER,2026-06-30 00:00:00.000,-6.41,13.46,-7.36,-7.36,7.66,12.93,-0.64,14.27,13.49,2007-02-01 00:00:00.000
Ultra Bloomberg Commodity,UCD,NAV,QUARTER,2016-06-30 00:00:00.000,8.02,25.74,25.28,25.28,-28.16,-22.68,-23.23,,-12.7,2008-11-26 00:00:00.000
Ultra Bloomberg Crude Oil,UCO,NAV,QUARTER,2026-06-30 00:00:00.000,-24.46,-16.16,68.48,68.48,44.57,11.06,10.7,-14.29,-25.83,2008-11-26 00:00:00.000
UltraPro Communication Services Select Sector,UCOM,NAV,QUARTER,2020-03-31 00:00:00.000,-50.51,-59.2,-48.82,-59.2,-43.45,,,,-31.42,2019-01-16 00:00:00.000
Ultra Copper K-1 Free ETF,UCOP,NAV,QUARTER,2026-06-30 00:00:00.000,-7.66,,,-0.88,,,,,,2026-04-21 00:00:00.000
Ultra Nasdaq Cybersecurity,UCYB,NAV,QUARTER,2026-06-30 00:00:00.000,0.41,96.55,46.53,46.53,25.05,39.45,14.45,,13.91,2021-01-21 00:00:00.000
UltraPro Dow30,UDOW,NAV,QUARTER,2026-06-30 00:00:00.000,6.93,40.26,22.06,22.06,50.51,34.6,15.21,24.14,26.41,2010-02-11 00:00:00.000
Ultra Consumer Staples,UGE,NAV,QUARTER,2026-06-30 00:00:00.000,1.11,2.13,12.78,12.78,2.93,4.89,-2.85,7.67,11.18,2007-02-01 00:00:00.000
Ultra Gold,UGL,NAV,QUARTER,2026-06-30 00:00:00.000,-23.15,-27.27,-21.2,-21.2,28.06,44.54,25.2,14.68,11.75,2008-12-03 00:00:00.000
UltraPro 10 Year TIPS/TSY Spread,UINF,NAV,QUARTER,2014-12-31 00:00:00.000,-5.05,-11.26,-20,-18.18,-18.18,,,,-10.8,2012-02-09 00:00:00.000
Ultra High Yield,UJB,NAV,QUARTER,2026-06-30 00:00:00.000,-0.15,3,1.24,1.24,5.73,11.31,2.67,6.25,6.68,2011-04-14 00:00:00.000
Ultra Russell1000 Growth,UKF,NAV,QUARTER,2014-12-31 00:00:00.000,-2.4,8.79,11.38,24.08,24.08,40.33,28.81,,9.69,2007-02-22 00:00:00.000
Ultra Russell2000 Growth,UKK,NAV,QUARTER,2014-12-31 00:00:00.000,5.55,19.64,4.51,6.78,6.78,38.51,27.95,,5.6,2007-02-22 00:00:00.000
Ultra Russell MidCap Growth,UKW,NAV,QUARTER,2014-12-31 00:00:00.000,-0.91,10.84,8.54,21.11,21.11,40.6,29.89,,7.3,2007-02-22 00:00:00.000
Ultra Euro,ULE,NAV,QUARTER,2026-06-30 00:00:00.000,-4.08,-2.52,-6.03,-6.03,-7.63,2.2,-3.35,-2.47,-3.92,2008-11-26 00:00:00.000
UltraPro MidCap400,UMDD,NAV,QUARTER,2026-06-30 00:00:00.000,9.56,43.81,47.6,47.6,66.71,23.62,4.55,12.9,19.9,2010-02-11 00:00:00.000
Ultra MSCI Mexico Capped IMI,UMX,NAV,QUARTER,2017-06-30 00:00:00.000,11.09,12.08,49.4,49.4,9.42,-16.21,-7.14,,-1.94,2010-04-29 00:00:00.000
Ultra Oil & Gas Exploration & Production,UOP,NAV,QUARTER,2017-06-30 00:00:00.000,-4.78,-28.67,-42.38,-42.38,-21.72,,,,-41.48,2015-06-23 00:00:00.000
Ultra Palladium K-1 Free ETF,UPAL,NAV,QUARTER,2026-06-30 00:00:00.000,-22.57,,,-43.3,,,,,,2026-04-21 00:00:00.000
Ultra Platinum K-1 Free ETF,UPLT,NAV,QUARTER,2026-06-30 00:00:00.000,-36.45,,,-47.91,,,,,,2026-04-21 00:00:00.000
UltraPro S&P500,UPRO,NAV,QUARTER,2026-06-30 00:00:00.000,-4.38,46.85,23.45,23.45,56.78,45.54,21.11,29.72,33.5,2009-06-25 00:00:00.000
Ultra FTSE Europe,UPV,NAV,QUARTER,2026-06-30 00:00:00.000,0.92,15.74,10.94,10.94,27.64,23.96,9.41,12.24,8.44,2010-04-29 00:00:00.000
Ultra Utilities,UPW,NAV,QUARTER,2026-06-30 00:00:00.000,4.7,-3.18,11.08,11.08,20.11,19.92,12.46,9.54,9.92,2007-02-01 00:00:00.000
Ultra Real Estate,URE,NAV,QUARTER,2026-06-30 00:00:00.000,1.12,15.82,17.9,17.9,11.43,8.08,-3.24,2.12,-3.15,2007-02-01 00:00:00.000
Ultra S&P 500 Equal Weight,URSP,NAV,QUARTER,2026-06-30 00:00:00.000,4.1,21.54,20.77,20.77,,,,,,2025-08-27 00:00:00.000
UltraPro Russell2000,URTY,NAV,QUARTER,2026-06-30 00:00:00.000,9.48,70.04,64.91,64.91,124.06,29.27,-4.92,9.47,14.43,2010-02-11 00:00:00.000
Ultra Semiconductors,USD,NAV,QUARTER,2026-06-30 00:00:00.000,2.58,117.61,99.32,99.32,183.27,115.27,63.58,61.21,30.13,2007-02-01 00:00:00.000
Ultra 7-10 Year Treasury,UST,NAV,QUARTER,2026-06-30 00:00:00.000,0.14,-0.84,-2.2,-2.2,0.88,0.47,-6.8,-2.38,2.65,2010-01-21 00:00:00.000
Ultra Russell1000 Value,UVG,NAV,QUARTER,2014-12-31 00:00:00.000,0.87,9.23,8.19,25.29,25.29,41.94,27.64,,2.1,2007-02-22 00:00:00.000
Ultra Russell2000 Value,UVT,NAV,QUARTER,2014-12-31 00:00:00.000,5.15,18.53,-1.51,5.37,5.37,35.06,22.89,,-1.09,2007-02-22 00:00:00.000
Ultra Russell MidCap Value,UVU,NAV,QUARTER,2014-12-31 00:00:00.000,1.17,11.53,5.08,27.85,27.85,43.92,31.18,,4.73,2007-02-22 00:00:00.000
Ultra VIX Short-Term Futures ETF,UVXY,NAV,QUARTER,2026-06-30 00:00:00.000,-13.44,-52.37,-30.79,-30.79,-73.45,-62.27,-67.63,-72.85,-100,2011-10-04 00:00:00.000
Ultra Russell3000,UWC,NAV,QUARTER,2014-12-31 00:00:00.000,-0.33,9.81,9.15,23.11,23.11,40.92,28.09,,34.53,2009-07-02 00:00:00.000
Ultra Russell2000,UWM,NAV,QUARTER,2026-06-30 00:00:00.000,6.73,44.29,43.33,43.33,80.27,26.23,3.04,13.36,7.65,2007-01-25 00:00:00.000
Ultra Industrials,UXI,NAV,QUARTER,2026-06-30 00:00:00.000,14.07,28.71,37.62,37.62,48.57,35.01,14.72,20.69,13.91,2007-02-01 00:00:00.000
Ultra MSCI Pacific ex-Japan,UXJ,NAV,QUARTER,2016-06-30 00:00:00.000,3.22,1.68,4,4,-18.01,-2.76,-5.12,,-0.15,2010-04-29 00:00:00.000
Ultra XRP ETF,UXRP,NAV,QUARTER,2026-06-30 00:00:00.000,-40.7,-45.93,-78.01,-78.01,,,,,,2025-07-15 00:00:00.000
Ultra Financials,UYG,NAV,QUARTER,2026-06-30 00:00:00.000,8.3,16.77,-6.14,-6.14,-0.19,28.47,10.7,17.13,-0.02,2007-02-01 00:00:00.000
Ultra Materials,UYM,NAV,QUARTER,2026-06-30 00:00:00.000,-1.26,2.03,22.14,22.14,27.2,8.4,5.63,12.21,4.42,2007-02-01 00:00:00.000
Metaverse ETF,VERS,NAV,QUARTER,2026-06-30 00:00:00.000,-6,42.29,23.39,23.39,43.82,25.28,,,16.77,2022-03-15 00:00:00.000
VIX Mid-Term Futures ETF,VIXM,NAV,QUARTER,2026-06-30 00:00:00.000,-6.34,-16.77,-6,-6,-14.36,-11.24,-14.03,-12.09,-18.17,2011-01-04 00:00:00.000
VIX Short-Term Futures ETF,VIXY,NAV,QUARTER,2026-06-30 00:00:00.000,-8.42,-37.97,-17.34,-17.34,-54.55,-40.27,-46.42,-47.91,-48.95,2011-01-04 00:00:00.000
CDS Short North American HY Credit ETF,WYDE,NAV,QUARTER,2019-06-30 00:00:00.000,-2.95,-1.53,-5.76,-5.76,-4.41,-5.39,,,-5.13,2014-08-07 00:00:00.000
Ultra Communication Services Select Sector,XCOM,NAV,QUARTER,2020-09-30 00:00:00.000,-12.3,19.26,74.33,10.37,28.83,,,,28.26,2019-01-16 00:00:00.000
Ultra FTSE China 50,XPP,NAV,QUARTER,2026-06-30 00:00:00.000,-18.28,-23.27,-34.29,-34.29,-30.64,0.07,-23.43,-7.75,-6.3,2009-06-04 00:00:00.000
Ultra Yen,YCL,NAV,QUARTER,2026-06-30 00:00:00.000,-4.32,-5.7,-9.22,-9.22,-25.7,-14.17,-19.5,-13.36,-9.48,2008-11-26 00:00:00.000
UltraShort Communication Services Select Sector,YCOM,NAV,QUARTER,2020-09-30 00:00:00.000,11.16,-20.45,-50.75,-39.87,-49.1,,,,-41.71,2019-01-16 00:00:00.000
UltraShort Yen,YCS,NAV,QUARTER,2026-06-30 00:00:00.000,4.92,6.91,11.29,11.29,37.1,18.62,23.81,13.57,6.49,2008-11-26 00:00:00.000
Short FTSE China 50,YXI,NAV,QUARTER,2026-06-30 00:00:00.000,10.19,13.29,20.95,20.95,16.38,-8.4,-0.52,-6.95,-7.58,2010-03-18 00:00:00.000
UltraPro Short Nasdaq Biotechnology,ZBIO,NAV,QUARTER,2020-03-31 00:00:00.000,-3.13,9.74,-40.2,9.74,-23.76,-32.94,,,-25.05,2015-06-23 00:00:00.000
UltraShort Silver,ZSL,NAV,QUARTER,2026-06-30 00:00:00.000,51.34,33.37,-42.7,-42.7,-88.28,-66.61,-49.57,-40.3,-41.53,2008-12-03 00:00:00.000
Ultra Silver,AGQ,NAV,QUARTER,2026-06-30 00:00:00.000,-40.06,-41.66,-55.97,-55.97,45.87,36.43,8.35,4.19,1.82,2008-12-03 00:00:00.000
Morningstar Alternatives Solution ETF,ALTS,NAV,QUARTER,2022-03-31 00:00:00.000,1.99,-0.32,2.04,-0.32,3.71,3.79,2.35,,1.7,2014-10-09 00:00:00.000
MSCI Transformational Changes ETF,ANEW,NAV,QUARTER,2026-06-30 00:00:00.000,0.21,13.8,2.67,2.67,2.98,12.75,3.02,,5.3,2020-10-16 00:00:00.000
Bitcoin & Ether Equal Weight ETF,BETE,NAV,QUARTER,2026-06-30 00:00:00.000,-21.02,-19.95,-41.48,-41.48,-41.31,,,,9.87,2023-10-02 00:00:00.000
Bitcoin & Ether Market Cap Weight ETF,BETH,NAV,QUARTER,2026-06-30 00:00:00.000,-20.52,-15.92,-36.52,-36.52,-46.33,,,,17.13,2023-10-02 00:00:00.000
Ultra Nasdaq Biotechnology,BIB,NAV,QUARTER,2026-06-30 00:00:00.000,19.06,23.64,26.38,26.38,121.28,25.84,1.05,10.29,17.57,2010-04-08 00:00:00.000
UltraShort Nasdaq Biotechnology,BIS,NAV,QUARTER,2026-06-30 00:00:00.000,-17.55,-22.12,-27.03,-27.03,-60.03,-28.68,-16.26,-26.37,-32.71,2010-04-08 00:00:00.000
Short Bitcoin ETF,BITI,NAV,QUARTER,2026-06-30 00:00:00.000,23.3,13.48,36.86,36.86,62.9,-29.02,,,-35.84,2022-06-21 00:00:00.000
Bitcoin ETF,BITO,NAV,QUARTER,2026-06-30 00:00:00.000,-20.32,-14.16,-34.02,-34.02,-47.34,16.83,,,-6.02,2021-10-18 00:00:00.000
Ultra Bitcoin ETF,BITU,NAV,QUARTER,2026-06-30 00:00:00.000,-38.2,-30.07,-63.02,-63.02,-78.88,,,,-42.42,2024-04-02 00:00:00.000
Ultra Bloomberg Natural Gas,BOIL,NAV,QUARTER,2026-06-30 00:00:00.000,-7.92,-13.69,-38.65,-38.65,-70.15,-65.85,-67,-58.38,-57.39,2011-10-06 00:00:00.000
S&P 500 Buyback Aristocrats ETF,BUYB,NAV,QUARTER,2026-06-30 00:00:00.000,3.09,,,4.06,,,,,,2026-05-07 00:00:00.000
UltraShort MSCI Brazil Capped,BZQ,NAV,QUARTER,2026-06-30 00:00:00.000,5.83,19.05,-22.95,-22.95,-42.03,-20.6,-22.42,-35.33,-29.1,2009-06-18 00:00:00.000
Long Online/Short Stores ETF ,CLIX,NAV,QUARTER,2026-06-30 00:00:00.000,-5.18,3.34,-8.46,-8.46,6.49,16.89,-7.58,,4.12,2017-11-16 00:00:00.000
UltraShort Bloomberg Commodity,CMD,NAV,QUARTER,2016-06-30 00:00:00.000,-8.44,-23.1,-25.43,-25.43,21.71,17.1,16.96,,-2.17,2008-11-26 00:00:00.000
USD Covered Bond,COBO,NAV,QUARTER,2017-06-30 00:00:00.000,-0.1,0.61,1.13,1.13,-0.12,1.14,1.32,,1.36,2012-05-23 00:00:00.000
Ultra COIN,COIA,NAV,QUARTER,2026-06-30 00:00:00.000,-43.33,-39.61,-71.43,-71.43,,,,,,2025-09-10 00:00:00.000
Ultra CRCL,CRCA,NAV,QUARTER,2026-06-30 00:00:00.000,-73.13,-68.79,-67.76,-67.76,,,,,,2025-08-07 00:00:00.000
UltraShort Australian Dollar,CROC,NAV,QUARTER,2022-03-31 00:00:00.000,-6.16,-6.35,-7.92,-6.35,0.22,-5.9,-1.49,,1.3,2012-07-19 00:00:00.000
Large Cap Core Plus,CSM,NAV,QUARTER,2026-06-30 00:00:00.000,-1.89,13.79,7.66,7.66,22.31,20.04,12.72,14.24,14.84,2009-07-15 00:00:00.000
S&P Kensho Cleantech ETF,CTEX,NAV,QUARTER,2026-06-30 00:00:00.000,-10.06,28.22,25.28,25.28,114.52,10.21,,,2.74,2021-09-29 00:00:00.000
Big Data Refiners ETF,DAT,NAV,QUARTER,2026-06-30 00:00:00.000,-4.94,23.48,-6.88,-6.88,-9.32,13.87,,,1.16,2021-09-29 00:00:00.000
Short Oil & Gas,DDG,NAV,QUARTER,2022-03-31 00:00:00.000,-9.62,-29.22,-35.35,-29.22,-44.08,-23.21,-15.26,-10.66,-10.87,2008-06-12 00:00:00.000
Ultra Dow30,DDM,NAV,QUARTER,2026-06-30 00:00:00.000,4.84,26.24,15.98,15.98,35.06,25.99,13.61,20.06,14.51,2006-06-21 00:00:00.000
Ultra Energy,DIG,NAV,QUARTER,2026-06-30 00:00:00.000,-10.36,-25.85,37.33,37.33,51,14.19,24.56,2.71,-0.95,2007-02-01 00:00:00.000
Short Dow30,DOG,NAV,QUARTER,2026-06-30 00:00:00.000,-2.28,-10.73,-6.79,-6.79,-12.36,-8.75,-5.95,-11.33,-10.45,2006-06-21 00:00:00.000
UltraShort Energy,DUG,NAV,QUARTER,2026-06-30 00:00:00.000,10.02,27.77,-33.66,-33.66,-41.55,-22.84,-36.23,-30.62,-29.41,2007-02-01 00:00:00.000
UltraShort Dow30,DXD,NAV,QUARTER,2026-06-30 00:00:00.000,-4.88,-21.18,-15.06,-15.06,-26.57,-21.49,-15.88,-24.92,-23.15,2006-07-13 00:00:00.000
Ultra MSCI Emerging Markets,EET,NAV,QUARTER,2026-06-30 00:00:00.000,-1.39,40.73,46.87,46.87,86.4,35.9,3.52,10.06,4.65,2009-06-04 00:00:00.000
Ether ETF,EETH,NAV,QUARTER,2026-06-30 00:00:00.000,-22.03,-25.59,-47.99,-47.99,-39.57,,,,-7.97,2023-10-02 00:00:00.000
UltraShort MSCI Emerging Markets,EEV,NAV,QUARTER,2026-06-30 00:00:00.000,-3.73,-35.73,-42.04,-42.04,-55.12,-34.06,-15.91,-23.6,-25.86,2007-11-01 00:00:00.000
MSCI EAFE Dividend Growers ETF,EFAD,NAV,QUARTER,2026-06-30 00:00:00.000,-0.1,7.05,3.5,3.5,2.7,7.77,1.13,4.46,2.9,2014-08-21 00:00:00.000
Ultra MSCI EAFE,EFO,NAV,QUARTER,2026-06-30 00:00:00.000,0.65,15.38,15.27,15.27,32.72,23.33,8.64,11.22,8.34,2009-06-04 00:00:00.000
UltraShort MSCI EAFE,EFU,NAV,QUARTER,2026-06-30 00:00:00.000,-1.46,-15.72,-18.17,-18.17,-29.4,-23.84,-16.38,-20.01,-19.04,2007-10-25 00:00:00.000
Short MSCI EAFE,EFZ,NAV,QUARTER,2026-06-30 00:00:00.000,-0.47,-7.45,-8.11,-8.11,-13.65,-9.78,-5.98,-8.56,-7.47,2007-10-25 00:00:00.000
MSCI Emerging Markets Dividend Growers ETF,EMDV,NAV,QUARTER,2026-06-30 00:00:00.000,-4.65,0.25,-3.34,-3.34,0.34,1.4,-3.37,2.11,3.65,2016-01-27 00:00:00.000
Short Term USD Emerging Markets Bond ETF,EMSH,NAV,QUARTER,2022-03-31 00:00:00.000,-1.59,-6.95,-8.07,-6.95,-6.76,-1.39,-0.15,,1.63,2013-11-21 00:00:00.000
Decline of the Retail Store ETF ,EMTY,NAV,QUARTER,2026-06-30 00:00:00.000,-0.01,1.29,-0.98,-0.98,-1.66,-3.4,-2.63,,-11.34,2017-11-16 00:00:00.000
UltraShort FTSE Europe ,EPV,NAV,QUARTER,2026-06-30 00:00:00.000,-1.7,-16.37,-15.4,-15.4,-27.05,-24.74,-19.23,-22.87,-25.5,2009-06-18 00:00:00.000
Equities for Rising Rates ETF,EQRR,NAV,QUARTER,2026-06-30 00:00:00.000,4.32,17.9,27.66,27.66,39.39,20.7,13.21,,10.7,2017-07-25 00:00:00.000
UltraShort Ether ETF,ETHD,NAV,QUARTER,2026-06-30 00:00:00.000,44.6,48.19,92.25,92.25,-33.3,,,,-42.06,2024-06-07 00:00:00.000
Ultra Ether ETF,ETHT,NAV,QUARTER,2026-06-30 00:00:00.000,-42.65,-50.01,-79.99,-79.99,-80.59,,,,-79.32,2024-06-07 00:00:00.000
MSCI Europe Dividend Growers ETF,EUDV,NAV,QUARTER,2026-06-30 00:00:00.000,-1.15,6.13,2.4,2.4,0.19,7.92,2.51,5.58,4.74,2015-09-10 00:00:00.000
Short Euro,EUFX,NAV,QUARTER,2022-03-31 00:00:00.000,1.28,2.91,4.8,2.91,5.89,1.36,0.75,,1.5,2012-06-27 00:00:00.000
Short MSCI Emerging Markets,EUM,NAV,QUARTER,2026-06-30 00:00:00.000,-1.11,-18.47,-21.73,-21.73,-30.25,-15.92,-5.43,-10.11,-9.88,2007-11-01 00:00:00.000
UltraShort Euro,EUO,NAV,QUARTER,2026-06-30 00:00:00.000,4.6,3.63,7.98,7.98,11.71,1.76,5.18,2.35,1.17,2008-11-26 00:00:00.000
UltraShort MSCI Japan,EWV,NAV,QUARTER,2026-06-30 00:00:00.000,-2.7,-20.26,-28.71,-28.71,-42.36,-28.44,-18.5,-20.42,-18.73,2007-11-08 00:00:00.000
Ultra MSCI Japan,EZJ,NAV,QUARTER,2026-06-30 00:00:00.000,0.67,19.88,27.21,27.21,51.7,25.25,8.38,10.96,7.85,2009-06-04 00:00:00.000
S&P 500 Dynamic Buffer ETF,FB,NAV,QUARTER,2026-06-30 00:00:00.000,0.34,5.64,6.45,6.45,12.24,,,,13.12,2025-06-26 00:00:00.000
Short 30 Year TIPS/TSY Spread,FINF,NAV,QUARTER,2014-12-31 00:00:00.000,2.54,6.21,12.73,12.48,12.48,,,,3.76,2012-01-12 00:00:00.000
UltraPro Financial Select Sector,FINU,NAV,QUARTER,2020-03-31 00:00:00.000,-65.99,-78.7,-72.07,-78.7,-65.44,-28.24,-9.93,,12.55,2012-07-12 00:00:00.000
UltraPro Short Financial Select Sector,FINZ,NAV,QUARTER,2020-03-31 00:00:00.000,-1.6,46.78,7.63,46.78,-23.14,-24.88,-32.49,,-39.96,2012-07-12 00:00:00.000
Managed Futures Strategy ETF,FUT,NAV,QUARTER,2022-03-31 00:00:00.000,3.35,5.56,2.03,5.56,1.21,2.13,1.27,,1.2,2016-02-18 00:00:00.000
Managed Futures Strategy (Fund Closing),FUTS,NAV,QUARTER,2016-03-31 00:00:00.000,-2.42,-2.36,-2.6,-2.36,-6.61,,,,0.16,2014-10-02 00:00:00.000
UltraShort FTSE China 50,FXP,NAV,QUARTER,2026-06-30 00:00:00.000,20.69,26.28,41.24,41.24,26.83,-24.98,-12.92,-20.84,-27.18,2007-11-08 00:00:00.000
Ultra Australian Dollar,GDAY,NAV,QUARTER,2015-06-30 00:00:00.000,-1.86,-0.86,-13.2,-13.2,-33.83,,,,-16.14,2012-07-19 00:00:00.000
Ultra Junior Miners,GDJJ,NAV,QUARTER,2017-06-30 00:00:00.000,11.35,-16.9,-0.62,-0.62,-49.5,,,,-5.1,2015-02-13 00:00:00.000
UltraShort Junior Miners,GDJS,NAV,QUARTER,2016-06-30 00:00:00.000,-42.1,-67.95,-88.27,-88.27,-87.85,,,,-77.93,2015-02-13 00:00:00.000
UltraShort Gold Miners,GDXS,NAV,QUARTER,2019-06-30 00:00:00.000,-30.01,-25.75,-35.99,-35.99,-36,-18.04,,,-38.96,2015-02-13 00:00:00.000
Ultra Gold Miners,GDXX,NAV,QUARTER,2019-06-30 00:00:00.000,38.73,26.62,39.72,39.72,18.57,-15.46,,,-6.78,2015-02-13 00:00:00.000
German Sovereign/Sub-Sovereign ETF,GGOV,NAV,QUARTER,2017-06-30 00:00:00.000,0.68,5.94,6.99,6.99,0.49,-4.73,-0.68,,-0.5,2012-01-26 00:00:00.000
UltraShort Gold,GLL,NAV,QUARTER,2026-06-30 00:00:00.000,26.68,31.19,3.49,3.49,-40.12,-38.51,-27.98,-20.93,-21.74,2008-12-03 00:00:00.000
Ultra Homebuilders & Supplies,HBU,NAV,QUARTER,2016-06-30 00:00:00.000,0.21,3.1,0.76,0.76,-4.68,,,,-5.85,2015-06-23 00:00:00.000
UltraShort Homebuilders & Supplies,HBZ,NAV,QUARTER,2016-06-30 00:00:00.000,-2.32,-7.48,-13.13,-13.13,-19.5,,,,-18.29,2015-06-23 00:00:00.000
Hedge Replication ETF,HDG,NAV,QUARTER,2026-06-30 00:00:00.000,0.89,6.87,7.42,7.42,13.25,7.58,3.15,4.03,3.01,2011-07-14 00:00:00.000
Hedged FTSE Europe ETF,HGEU,NAV,QUARTER,2017-06-30 00:00:00.000,-2.11,2.38,8.78,8.78,21.45,,,,4.9,2015-06-25 00:00:00.000
Hedged FTSE Japan ETF,HGJP,NAV,QUARTER,2017-06-30 00:00:00.000,2.75,6.54,6.98,6.98,31.98,,,,-1.71,2015-06-25 00:00:00.000
High Yield—Interest Rate Hedged,HYHG,NAV,QUARTER,2026-06-30 00:00:00.000,0.18,2.99,3.28,3.28,6.79,9.15,6.88,6.24,4.21,2013-05-23 00:00:00.000
Investment Grade—Interest Rate Hedged,IGHG,NAV,QUARTER,2026-06-30 00:00:00.000,-0.21,2.22,1.98,1.98,5.41,7.99,5.11,4.82,3.74,2013-11-07 00:00:00.000
Short Investment Grade Corporate,IGS,NAV,QUARTER,2016-06-30 00:00:00.000,-3.13,-4.39,-9.19,-9.19,-10.64,-7.99,-7.85,,-8.02,2011-03-29 00:00:00.000
Ultra Investment Grade Corporate,IGU,NAV,QUARTER,2016-06-30 00:00:00.000,6.15,8.08,18.37,18.37,18.82,11.17,10.54,,10.93,2011-04-14 00:00:00.000
S&P Global Core Battery Metals ETF,ION,NAV,QUARTER,2026-06-30 00:00:00.000,-15.72,-7.84,-1.42,-1.42,77.18,13.27,,,8.87,2022-11-30 00:00:00.000
GENIUS Money Market ETF,IQMM,NAV,QUARTER,2026-06-30 00:00:00.000,0.29,0.88,,1.29,,,,,,2026-02-19 00:00:00.000
Nasdaq-100 High Income ETF,IQQQ,NAV,QUARTER,2026-06-30 00:00:00.000,-0.32,24.24,17.52,17.52,30.74,,,,22.2,2024-03-20 00:00:00.000
S&P 500 High Income ETF,ISPY,NAV,QUARTER,2026-06-30 00:00:00.000,-0.99,13.55,8.84,8.84,19.38,,,,17.57,2023-12-20 00:00:00.000
Russell 2000 High Income ETF,ITWO,NAV,QUARTER,2026-06-30 00:00:00.000,4.29,21.62,23.63,23.63,40.27,,,,22.8,2024-09-05 00:00:00.000
UltraShort MSCI Pacific ex-Japan,JPX,NAV,QUARTER,2016-06-30 00:00:00.000,-5.89,-6.63,-14.78,-14.78,-6.31,-12.62,-14.94,,-27.24,2009-06-18 00:00:00.000
UltraShort Bloomberg Natural Gas,KOLD,NAV,QUARTER,2026-06-30 00:00:00.000,4.37,2.97,-37.26,-37.26,-11.74,-6.56,-36.38,-23.81,-13.1,2011-10-06 00:00:00.000
Short S&P Regional Banking,KRS,NAV,QUARTER,2017-06-30 00:00:00.000,-6.27,-1.99,-1.96,-1.96,-34.44,-17.25,-18.67,,-16.69,2010-04-22 00:00:00.000
Ultra S&P Regional Banking,KRU,NAV,QUARTER,2017-06-30 00:00:00.000,12.59,0.75,-3.59,-3.59,99.57,21.45,28.69,,14.92,2010-04-22 00:00:00.000
CoinDesk 20 Crypto ETF,KRYP,NAV,QUARTER,2026-06-30 00:00:00.000,-20.26,-20.27,,-33.66,,,,,,2026-02-04 00:00:00.000
Ultra Communication Services,LTL,NAV,QUARTER,2026-06-30 00:00:00.000,-14.33,-7.8,-19.27,-19.27,-7.5,29.78,14.81,6.49,6.85,2008-03-27 00:00:00.000
S&P Kensho Smart Factories ETF,MAKX,NAV,QUARTER,2026-06-30 00:00:00.000,4.48,42.87,48.41,48.41,62.62,26.8,,,14.19,2021-09-29 00:00:00.000
Merger ETF,MRGR,NAV,QUARTER,2026-06-30 00:00:00.000,0.52,1.34,2.83,2.83,11.35,8.79,4.26,3.61,2.21,2012-12-13 00:00:00.000
Ultra MidCap400,MVV,NAV,QUARTER,2026-06-30 00:00:00.000,6.62,28.56,32.22,32.22,45.92,20.59,8.18,14.3,11.87,2006-06-21 00:00:00.000
Short MidCap400,MYY,NAV,QUARTER,2026-06-30 00:00:00.000,-3.17,-11.86,-13.36,-13.36,-17.12,-9.38,-6.56,-11.32,-11.84,2006-06-21 00:00:00.000
UltraShort MidCap400,MZZ,NAV,QUARTER,2026-06-30 00:00:00.000,-6.55,-23.08,-26.63,-26.63,-34.6,-22.66,-17.74,-25.57,-26.32,2006-07-13 00:00:00.000
S&P 500 Dividend Aristocrats ETF,NOBL,NAV,QUARTER,2026-06-30 00:00:00.000,5.28,6.61,9.09,9.09,14.05,8.36,6.61,9.85,10.72,2013-10-10 00:00:00.000
Ultra NVDA,NVDB,NAV,QUARTER,2026-06-30 00:00:00.000,-12.49,23.25,1.13,1.13,,,,,,2025-09-10 00:00:00.000
UltraPro 3x Short Crude Oil ETF,OILD,NAV,QUARTER,2020-03-31 00:00:00.000,84.51,327.07,167.32,327.07,120.77,-18.68,,,-22.95,2017-03-27 00:00:00.000
K-1 Free Crude Oil ETF,OILK,NAV,QUARTER,2026-06-30 00:00:00.000,-12.62,-6.56,35.65,35.65,28.34,11.83,12.12,,2.22,2016-09-28 00:00:00.000
UltraPro 3x Crude Oil ETF,OILU,NAV,QUARTER,2020-03-31 00:00:00.000,-97.33,-99.01,-98.62,-99.01,-99.21,-80.61,,,-79.36,2017-03-27 00:00:00.000
On-Demand ETF,OND,NAV,QUARTER,2026-06-30 00:00:00.000,-1.33,5.09,-15.33,-15.33,-18.63,14.23,,,-2.76,2021-10-26 00:00:00.000
Online Retail ETF,ONLN,NAV,QUARTER,2026-06-30 00:00:00.000,-5.21,2.39,-7.9,-7.9,7.65,18.77,-7.44,,4.23,2018-07-16 00:00:00.000
Pet Care ETF,PAWZ,NAV,QUARTER,2026-06-30 00:00:00.000,-0.11,-6.16,-12.19,-12.19,-16.83,-1.24,-9.44,,2.86,2018-11-06 00:00:00.000
Global Listed Private Equity ETF,PEX,NAV,QUARTER,2026-06-30 00:00:00.000,-1.31,4.05,-11.39,-11.39,-14.94,3.51,-0.34,4.9,5.11,2013-02-28 00:00:00.000
Ultra PLTR,PLTA,NAV,QUARTER,2026-06-30 00:00:00.000,-46.68,-43.17,-65.63,-65.63,,,,,,2025-09-10 00:00:00.000
Short QQQ,PSQ,NAV,QUARTER,2026-06-30 00:00:00.000,-0.15,-21.5,-15.98,-15.98,-22.71,-17.8,-13.48,-19.32,-16.81,2006-06-21 00:00:00.000
UltraShort 7-10 Year Treasury,PST,NAV,QUARTER,2026-06-30 00:00:00.000,0.19,1.92,4.35,4.35,3.9,4.51,9.39,2.79,-5.23,2008-05-01 00:00:00.000
Nasdaq-100 Dynamic Buffer ETF,QB,NAV,QUARTER,2026-06-30 00:00:00.000,0.53,8.86,11.27,11.27,17.43,,,,17.94,2025-06-26 00:00:00.000
UltraShort QQQ,QID,NAV,QUARTER,2026-06-30 00:00:00.000,-1.37,-39.61,-31.86,-31.86,-43.96,-37.64,-30.91,-39.07,-34.95,2006-07-13 00:00:00.000
Ultra QQQ,QLD,NAV,QUARTER,2026-06-30 00:00:00.000,-1.58,58.74,37.71,37.71,64.76,44.66,22.19,36.25,25.94,2006-06-21 00:00:00.000
UltraShort QQQ Mega,QQDN,NAV,QUARTER,2026-06-30 00:00:00.000,19.06,-24.82,-5.42,-5.42,-31.89,,,,-35.95,2025-06-12 00:00:00.000
Nasdaq-100 Dorsey Wright Momentum ETF,QQQA,NAV,QUARTER,2026-06-30 00:00:00.000,10.6,67.85,70.3,70.3,89.36,33.95,14.81,,16.07,2021-05-20 00:00:00.000
Ultra QQQ Mega,QQUP,NAV,QUARTER,2026-06-30 00:00:00.000,-17.94,27.63,-2.12,-2.12,29.77,,,,38.54,2025-06-12 00:00:00.000
Ultra QQQ Top 30,QQXL,NAV,QUARTER,2026-06-30 00:00:00.000,-3.24,61.77,38.5,38.5,,,,,,2025-08-15 00:00:00.000
RAFI Long/Short,RALS,NAV,QUARTER,2022-03-31 00:00:00.000,-0.6,4.76,3.6,4.76,-0.36,-1.36,-2.04,-0.05,-0.47,2010-12-09 00:00:00.000
Russell 2000 Dynamic Buffer ETF,RB,NAV,QUARTER,2026-06-30 00:00:00.000,0.47,3.78,7.52,7.52,19.43,,,,19.27,2025-06-26 00:00:00.000
S&P MidCap 400 Dividend Aristocrats ETF,REGL,NAV,QUARTER,2026-06-30 00:00:00.000,4.51,6.52,9.88,9.88,14.96,11.89,7.7,9.54,9.91,2015-02-05 00:00:00.000
Short Real Estate,REK,NAV,QUARTER,2026-06-30 00:00:00.000,-0.74,-7.16,-7.93,-7.93,-4.42,-3.29,-0.44,-5.85,-9.82,2010-03-18 00:00:00.000
UltraShort Technology,REW,NAV,QUARTER,2026-06-30 00:00:00.000,-3.32,-53.99,-47.32,-47.32,-59.38,-45.31,-38.46,-45.17,-36.84,2007-02-01 00:00:00.000
Inflation Expectations ETF,RINF,NAV,QUARTER,2026-06-30 00:00:00.000,-0.89,2.48,1.58,1.58,2.4,4.05,5.43,4.72,0.86,2012-01-12 00:00:00.000
Ultra Technology,ROM,NAV,QUARTER,2026-06-30 00:00:00.000,-2.21,97.89,64.6,64.6,104.16,51.28,26.55,42.17,24.9,2007-02-01 00:00:00.000
Short Russell2000,RWM,NAV,QUARTER,2026-06-30 00:00:00.000,-3.49,-17.22,-17.61,-17.61,-26.96,-12.64,-5.81,-12.28,-12.23,2007-01-25 00:00:00.000
UltraShort Health Care,RXD,NAV,QUARTER,2026-06-30 00:00:00.000,-12.26,-15.18,-5.38,-5.38,-27.88,-8.75,-8.3,-20.03,-22.68,2007-02-01 00:00:00.000
Ultra Health Care,RXL,NAV,QUARTER,2026-06-30 00:00:00.000,12.79,15.87,2.88,2.88,32.27,7.26,3.41,13.31,14.55,2007-02-01 00:00:00.000
Ultra SmallCap600,SAA,NAV,QUARTER,2026-06-30 00:00:00.000,14.32,40.44,47.2,47.2,72.95,21.12,4.35,13.1,9.69,2007-01-25 00:00:00.000
Short SmallCap600,SBB,NAV,QUARTER,2026-06-30 00:00:00.000,-6.54,-15.68,-17.96,-17.96,-24.6,-10.9,-5.97,-12.28,-12.55,2007-01-25 00:00:00.000
UltraShort Bitcoin ETF,SBIT,NAV,QUARTER,2026-06-30 00:00:00.000,48.46,22.94,63.48,63.48,108.89,,,,-36.32,2024-04-02 00:00:00.000
Short Basic Materials,SBM,NAV,QUARTER,2022-03-31 00:00:00.000,-8.33,-4.43,-18.2,-4.43,-19.52,-22.27,-15.45,-12.86,-13.35,2010-03-18 00:00:00.000
UltraShort Consumer Discretionary,SCC,NAV,QUARTER,2026-06-30 00:00:00.000,5.27,-14.53,1.75,1.75,-15.27,-21.91,-15.14,-25.33,-26.05,2007-02-01 00:00:00.000
UltraShort Bloomberg Crude Oil,SCO,NAV,QUARTER,2026-06-30 00:00:00.000,27.7,5.17,-54.84,-54.84,-50.79,-29.78,-37.17,-36.41,-24.51,2008-11-26 00:00:00.000
UltraPro Short Communication Services Select Sector,SCOM,NAV,QUARTER,2020-03-31 00:00:00.000,20.03,37.56,6.38,37.56,-16.96,,,,-25.23,2019-01-16 00:00:00.000
UltraShort SmallCap600,SDD,NAV,QUARTER,2026-06-30 00:00:00.000,-13.06,-29.84,-34.66,-34.66,-46.65,-26.14,-17.56,-27.94,-28.39,2007-01-25 00:00:00.000
UltraShort Russell MidCap Growth,SDK,NAV,QUARTER,2014-12-31 00:00:00.000,-0.17,-12.79,-12.56,-25.43,-25.43,-35.98,-35,,-28.19,2007-02-22 00:00:00.000
UltraPro Short Dow30,SDOW,NAV,QUARTER,2026-06-30 00:00:00.000,-7.54,-30.67,-23.27,-23.27,-39.21,-33.31,-26.14,-38.29,-38.31,2010-02-11 00:00:00.000
UltraShort Utilities,SDP,NAV,QUARTER,2026-06-30 00:00:00.000,-5.2,1.46,-13.14,-13.14,-19.93,-21.06,-18.43,-20.45,-21.74,2007-02-01 00:00:00.000
UltraShort S&P500,SDS,NAV,QUARTER,2026-06-30 00:00:00.000,2.11,-23.73,-15.81,-15.81,-28.67,-26.77,-21.22,-27.55,-24.96,2006-07-13 00:00:00.000
Short Financials,SEF,NAV,QUARTER,2026-06-30 00:00:00.000,-3.83,-7.13,3.22,3.22,0.79,-11.14,-6.69,-12.12,-13.77,2008-06-12 00:00:00.000
Short Ether ETF,SETH,NAV,QUARTER,2026-06-30 00:00:00.000,23,26.32,56.1,56.1,6.71,,,,-26.77,2023-11-02 00:00:00.000
UltraShort Russell1000 Growth,SFK,NAV,QUARTER,2014-12-31 00:00:00.000,1.37,-10.68,-14.15,-25.96,-25.96,-34.59,-31.79,,-24.79,2007-02-22 00:00:00.000
Short S&P500,SH,NAV,QUARTER,2026-06-30 00:00:00.000,1.3,-12.14,-7.14,-7.14,-13.55,-11.78,-8.72,-12.84,-11.39,2006-06-21 00:00:00.000
UltraShort Industrials,SIJ,NAV,QUARTER,2026-06-30 00:00:00.000,-13.54,-24.71,-31.22,-31.22,-36.58,-29.81,-20.89,-28.53,-27.57,2007-02-01 00:00:00.000
UltraPro Short 10 Year TIPS/TSY Spread,SINF,NAV,QUARTER,2014-12-31 00:00:00.000,4.82,11.31,22.07,16.97,16.97,,,,7.26,2012-02-09 00:00:00.000
Short High Yield,SJB,NAV,QUARTER,2026-06-30 00:00:00.000,0.22,-1.18,0.57,0.57,0.62,-1.88,-0.34,-3.71,-5.1,2011-03-22 00:00:00.000
UltraShort Russell1000 Value,SJF,NAV,QUARTER,2014-12-31 00:00:00.000,-1.97,-10.94,-11.4,-26.03,-26.03,-35.19,-31.89,,-23.38,2007-02-22 00:00:00.000
UltraShort Russell2000 Value,SJH,NAV,QUARTER,2014-12-31 00:00:00.000,-6.26,-18.76,-4.36,-15.43,-15.43,-34.68,-35.24,,-29.41,2007-02-22 00:00:00.000
UltraShort Russell MidCap Value,SJL,NAV,QUARTER,2014-12-31 00:00:00.000,-2.16,-12.7,-8.73,-27.91,-27.91,-36.76,-35.18,,-27.33,2007-02-22 00:00:00.000
UltraShort Financials,SKF,NAV,QUARTER,2026-06-30 00:00:00.000,-7.89,-14.72,3.81,3.81,-3.45,-25.67,-17.76,-26.93,-27.84,2007-02-01 00:00:00.000
UltraShort Russell2000 Growth,SKK,NAV,QUARTER,2014-12-31 00:00:00.000,-6.98,-20.55,-11.96,-20.91,-20.91,-38.23,-39.04,,-32.24,2007-02-22 00:00:00.000
Ultra Nasdaq Cloud Computing ,SKYU,NAV,QUARTER,2026-06-30 00:00:00.000,-14.75,44.73,-1.41,-1.41,7.37,28.57,-4.39,,-1.66,2021-01-21 00:00:00.000
Ultra Solana ETF,SLON,NAV,QUARTER,2026-06-30 00:00:00.000,-24.29,-28.93,-74.5,-74.5,,,,,,2025-07-15 00:00:00.000
UltraPro Short MidCap400,SMDD,NAV,QUARTER,2026-06-30 00:00:00.000,-10.1,-33.38,-38.86,-38.86,-49.85,-37.05,-31.09,-40.58,-42.82,2010-02-11 00:00:00.000
Russell 2000 Dividend Growers ETF,SMDV,NAV,QUARTER,2026-06-30 00:00:00.000,6.66,12.4,17.74,17.74,21.31,12.21,6.68,7.54,8.33,2015-02-05 00:00:00.000
UltraShort MSCI Mexico Capped IMI,SMK,NAV,QUARTER,2017-06-30 00:00:00.000,-11.03,-13.96,-38.68,-38.68,-29.51,-5.19,-13.09,,-28.01,2009-06-18 00:00:00.000
UltraShort Materials,SMN,NAV,QUARTER,2026-06-30 00:00:00.000,0.05,-4.42,-22.43,-22.43,-27.15,-13.49,-16.23,-25.21,-27.85,2007-02-01 00:00:00.000
UltraShort Oil & Gas Exploration & Production,SOP,NAV,QUARTER,2017-06-30 00:00:00.000,0.61,28.3,49.69,49.69,-13.6,,,,-11.4,2015-06-23 00:00:00.000
